"key","opponent","week","event_type","probability","proj","actual","name.team","owner.team","pic.team","name.oppo","owner.oppo","pic.oppo"
"399.l.605636.t.1","399.l.605636.t.2",1,"preevent",0.53,142.22,"0.00","Redemption Boners","Marc","https://yahoofantasysports-res.cloudinary.com/image/upload/t_s192sq/fantasy-logos/24955837179_9ea67a7ec1.jpg","Admiral Ackbars","Joseph","https://yahoofantasysports-res.cloudinary.com/image/upload/t_s192sq/fantasy-logos/29232944137_89c392.jpg"
"399.l.605636.t.1","399.l.605636.t.3",2,"preevent",0.39,142.68,"0.00","Redemption Boners","Marc","https://yahoofantasysports-res.cloudinary.com/image/upload/t_s192sq/fantasy-logos/24955837179_9ea67a7ec1.jpg","Alabama Slammer","john","https://yahoofantasysports-res.cloudinary.com/image/upload/t_s192sq/fantasy-logos/24966926549_e39885c544.jpg"
"399.l.605636.t.1","399.l.605636.t.4",3,"preevent",0.56,145.03,"0.00","Redemption Boners","Marc","https://yahoofantasysports-res.cloudinary.com/image/upload/t_s192sq/fantasy-logos/24955837179_9ea67a7ec1.jpg","Florida Man","Joshua","https://s.yimg.com/cv/apiv2/default/nfl/nfl_4.png"
"399.l.605636.t.1","399.l.605636.t.5",4,"preevent",0.57,146.1,"0.00","Redemption Boners","Marc","https://yahoofantasysports-res.cloudinary.com/image/upload/t_s192sq/fantasy-logos/24955837179_9ea67a7ec1.jpg","Boners of Freedom","Samuel","https://s.yimg.com/cv/apiv2/default/nfl/nfl_4.png"
"399.l.605636.t.1","399.l.605636.t.6",5,"preevent",0.48,143.96,"0.00","Redemption Boners","Marc","https://yahoofantasysports-res.cloudinary.com/image/upload/t_s192sq/fantasy-logos/24955837179_9ea67a7ec1.jpg","Curve Flatteners","Wayne","https://yahoofantasysports-res.cloudinary.com/image/upload/t_s192sq/fantasy-logos/6345bed68e022eae643b4402863890d13da2eaaf6f495c9c6b5c038545747e8b.jpg"
"399.l.605636.t.1","399.l.605636.t.7",6,"preevent",0.66,150,"0.00","Redemption Boners","Marc","https://yahoofantasysports-res.cloudinary.com/image/upload/t_s192sq/fantasy-logos/24955837179_9ea67a7ec1.jpg","taking a 'rona","Jp","https://yahoofantasysports-res.cloudinary.com/image/upload/t_s192sq/fantasy-logos/44285213562_ce51b8.jpg"
"399.l.605636.t.1","399.l.605636.t.8",7,"preevent",0.61,131.69,"0.00","Redemption Boners","Marc","https://yahoofantasysports-res.cloudinary.com/image/upload/t_s192sq/fantasy-logos/24955837179_9ea67a7ec1.jpg","Papa Peeps","Josh","https://yahoofantasysports-res.cloudinary.com/image/upload/t_s192sq/fantasy-logos/57361934414_8cbe97.jpg"
"399.l.605636.t.1","399.l.605636.t.9",8,"preevent",0.58,139.01,"0.00","Redemption Boners","Marc","https://yahoofantasysports-res.cloudinary.com/image/upload/t_s192sq/fantasy-logos/24955837179_9ea67a7ec1.jpg","Pickle Ricks","Sean","https://yahoofantasysports-res.cloudinary.com/image/upload/t_s192sq/fantasy-logos/25947095919_4de969.jpg"
"399.l.605636.t.1","399.l.605636.t.10",9,"preevent",0.48,128.27,"0.00","Redemption Boners","Marc","https://yahoofantasysports-res.cloudinary.com/image/upload/t_s192sq/fantasy-logos/24955837179_9ea67a7ec1.jpg","Corona Boners","Blaine","https://yahoofantasysports-res.cloudinary.com/image/upload/t_s192sq/fantasy-logos/56482426281_cb3742.jpg"
"399.l.605636.t.1","399.l.605636.t.11",10,"preevent",0.38,117.16,"0.00","Redemption Boners","Marc","https://yahoofantasysports-res.cloudinary.com/image/upload/t_s192sq/fantasy-logos/24955837179_9ea67a7ec1.jpg","Suck it boners","Jeremy","https://yahoofantasysports-res.cloudinary.com/image/upload/t_s192sq/fantasy-logos/24932942439_d3d88ba3c8.jpg"
"399.l.605636.t.1","399.l.605636.t.12",11,"preevent",0.38,113.44,"0.00","Redemption Boners","Marc","https://yahoofantasysports-res.cloudinary.com/image/upload/t_s192sq/fantasy-logos/24955837179_9ea67a7ec1.jpg","The Devils Rejects","Damien","https://yahoofantasysports-res.cloudinary.com/image/upload/t_s192sq/fantasy-logos/24975873119_7c41d8c039.jpg"
"399.l.605636.t.1","399.l.605636.t.2",12,"preevent",0.55,146.55,"0.00","Redemption Boners","Marc","https://yahoofantasysports-res.cloudinary.com/image/upload/t_s192sq/fantasy-logos/24955837179_9ea67a7ec1.jpg","Admiral Ackbars","Joseph","https://yahoofantasysports-res.cloudinary.com/image/upload/t_s192sq/fantasy-logos/29232944137_89c392.jpg"
"399.l.605636.t.1","399.l.605636.t.3",13,"preevent",0.42,131.67,"0.00","Redemption Boners","Marc","https://yahoofantasysports-res.cloudinary.com/image/upload/t_s192sq/fantasy-logos/24955837179_9ea67a7ec1.jpg","Alabama Slammer","john","https://yahoofantasysports-res.cloudinary.com/image/upload/t_s192sq/fantasy-logos/24966926549_e39885c544.jpg"
"399.l.605636.t.2","399.l.605636.t.1",1,"preevent",0.47,137.79,"0.00","Admiral Ackbars","Joseph","https://yahoofantasysports-res.cloudinary.com/image/upload/t_s192sq/fantasy-logos/29232944137_89c392.jpg","Redemption Boners","Marc","https://yahoofantasysports-res.cloudinary.com/image/upload/t_s192sq/fantasy-logos/24955837179_9ea67a7ec1.jpg"
"399.l.605636.t.2","399.l.605636.t.12",2,"preevent",0.4,142.14,"0.00","Admiral Ackbars","Joseph","https://yahoofantasysports-res.cloudinary.com/image/upload/t_s192sq/fantasy-logos/29232944137_89c392.jpg","The Devils Rejects","Damien","https://yahoofantasysports-res.cloudinary.com/image/upload/t_s192sq/fantasy-logos/24975873119_7c41d8c039.jpg"
"399.l.605636.t.2","399.l.605636.t.3",3,"preevent",0.52,146.53,"0.00","Admiral Ackbars","Joseph","https://yahoofantasysports-res.cloudinary.com/image/upload/t_s192sq/fantasy-logos/29232944137_89c392.jpg","Alabama Slammer","john","https://yahoofantasysports-res.cloudinary.com/image/upload/t_s192sq/fantasy-logos/24966926549_e39885c544.jpg"
"399.l.605636.t.2","399.l.605636.t.4",4,"preevent",0.5,136.96,"0.00","Admiral Ackbars","Joseph","https://yahoofantasysports-res.cloudinary.com/image/upload/t_s192sq/fantasy-logos/29232944137_89c392.jpg","Florida Man","Joshua","https://s.yimg.com/cv/apiv2/default/nfl/nfl_4.png"
"399.l.605636.t.2","399.l.605636.t.5",5,"preevent",0.63,141.07,"0.00","Admiral Ackbars","Joseph","https://yahoofantasysports-res.cloudinary.com/image/upload/t_s192sq/fantasy-logos/29232944137_89c392.jpg","Boners of Freedom","Samuel","https://s.yimg.com/cv/apiv2/default/nfl/nfl_4.png"
"399.l.605636.t.2","399.l.605636.t.6",6,"preevent",0.31,95.06,"0.00","Admiral Ackbars","Joseph","https://yahoofantasysports-res.cloudinary.com/image/upload/t_s192sq/fantasy-logos/29232944137_89c392.jpg","Curve Flatteners","Wayne","https://yahoofantasysports-res.cloudinary.com/image/upload/t_s192sq/fantasy-logos/6345bed68e022eae643b4402863890d13da2eaaf6f495c9c6b5c038545747e8b.jpg"
"399.l.605636.t.2","399.l.605636.t.7",7,"preevent",0.69,143.77,"0.00","Admiral Ackbars","Joseph","https://yahoofantasysports-res.cloudinary.com/image/upload/t_s192sq/fantasy-logos/29232944137_89c392.jpg","taking a 'rona","Jp","https://yahoofantasysports-res.cloudinary.com/image/upload/t_s192sq/fantasy-logos/44285213562_ce51b8.jpg"
"399.l.605636.t.2","399.l.605636.t.8",8,"preevent",0.47,104.78,"0.00","Admiral Ackbars","Joseph","https://yahoofantasysports-res.cloudinary.com/image/upload/t_s192sq/fantasy-logos/29232944137_89c392.jpg","Papa Peeps","Josh","https://yahoofantasysports-res.cloudinary.com/image/upload/t_s192sq/fantasy-logos/57361934414_8cbe97.jpg"
"399.l.605636.t.2","399.l.605636.t.9",9,"preevent",0.56,118.96,"0.00","Admiral Ackbars","Joseph","https://yahoofantasysports-res.cloudinary.com/image/upload/t_s192sq/fantasy-logos/29232944137_89c392.jpg","Pickle Ricks","Sean","https://yahoofantasysports-res.cloudinary.com/image/upload/t_s192sq/fantasy-logos/25947095919_4de969.jpg"
"399.l.605636.t.2","399.l.605636.t.10",10,"preevent",0.53,110.05,"0.00","Admiral Ackbars","Joseph","https://yahoofantasysports-res.cloudinary.com/image/upload/t_s192sq/fantasy-logos/29232944137_89c392.jpg","Corona Boners","Blaine","https://yahoofantasysports-res.cloudinary.com/image/upload/t_s192sq/fantasy-logos/56482426281_cb3742.jpg"
"399.l.605636.t.2","399.l.605636.t.11",11,"preevent",0.51,138.57,"0.00","Admiral Ackbars","Joseph","https://yahoofantasysports-res.cloudinary.com/image/upload/t_s192sq/fantasy-logos/29232944137_89c392.jpg","Suck it boners","Jeremy","https://yahoofantasysports-res.cloudinary.com/image/upload/t_s192sq/fantasy-logos/24932942439_d3d88ba3c8.jpg"
"399.l.605636.t.2","399.l.605636.t.1",12,"preevent",0.45,139.23,"0.00","Admiral Ackbars","Joseph","https://yahoofantasysports-res.cloudinary.com/image/upload/t_s192sq/fantasy-logos/29232944137_89c392.jpg","Redemption Boners","Marc","https://yahoofantasysports-res.cloudinary.com/image/upload/t_s192sq/fantasy-logos/24955837179_9ea67a7ec1.jpg"
"399.l.605636.t.2","399.l.605636.t.12",13,"preevent",0.66,131.56,"0.00","Admiral Ackbars","Joseph","https://yahoofantasysports-res.cloudinary.com/image/upload/t_s192sq/fantasy-logos/29232944137_89c392.jpg","The Devils Rejects","Damien","https://yahoofantasysports-res.cloudinary.com/image/upload/t_s192sq/fantasy-logos/24975873119_7c41d8c039.jpg"
"399.l.605636.t.3","399.l.605636.t.11",1,"preevent",0.56,153.46,"0.00","Alabama Slammer","john","https://yahoofantasysports-res.cloudinary.com/image/upload/t_s192sq/fantasy-logos/24966926549_e39885c544.jpg","Suck it boners","Jeremy","https://yahoofantasysports-res.cloudinary.com/image/upload/t_s192sq/fantasy-logos/24932942439_d3d88ba3c8.jpg"
"399.l.605636.t.3","399.l.605636.t.1",2,"preevent",0.61,158.71,"0.00","Alabama Slammer","john","https://yahoofantasysports-res.cloudinary.com/image/upload/t_s192sq/fantasy-logos/24966926549_e39885c544.jpg","Redemption Boners","Marc","https://yahoofantasysports-res.cloudinary.com/image/upload/t_s192sq/fantasy-logos/24955837179_9ea67a7ec1.jpg"
"399.l.605636.t.3","399.l.605636.t.2",3,"preevent",0.48,144.25,"0.00","Alabama Slammer","john","https://yahoofantasysports-res.cloudinary.com/image/upload/t_s192sq/fantasy-logos/24966926549_e39885c544.jpg","Admiral Ackbars","Joseph","https://yahoofantasysports-res.cloudinary.com/image/upload/t_s192sq/fantasy-logos/29232944137_89c392.jpg"
"399.l.605636.t.3","399.l.605636.t.12",4,"preevent",0.45,144.02,"0.00","Alabama Slammer","john","https://yahoofantasysports-res.cloudinary.com/image/upload/t_s192sq/fantasy-logos/24966926549_e39885c544.jpg","The Devils Rejects","Damien","https://yahoofantasysports-res.cloudinary.com/image/upload/t_s192sq/fantasy-logos/24975873119_7c41d8c039.jpg"
"399.l.605636.t.3","399.l.605636.t.4",5,"preevent",0.66,147.56,"0.00","Alabama Slammer","john","https://yahoofantasysports-res.cloudinary.com/image/upload/t_s192sq/fantasy-logos/24966926549_e39885c544.jpg","Florida Man","Joshua","https://s.yimg.com/cv/apiv2/default/nfl/nfl_4.png"
"399.l.605636.t.3","399.l.605636.t.5",6,"preevent",0.72,131.22,"0.00","Alabama Slammer","john","https://yahoofantasysports-res.cloudinary.com/image/upload/t_s192sq/fantasy-logos/24966926549_e39885c544.jpg","Boners of Freedom","Samuel","https://s.yimg.com/cv/apiv2/default/nfl/nfl_4.png"
"399.l.605636.t.3","399.l.605636.t.6",7,"preevent",0.38,131.17,"0.00","Alabama Slammer","john","https://yahoofantasysports-res.cloudinary.com/image/upload/t_s192sq/fantasy-logos/24966926549_e39885c544.jpg","Curve Flatteners","Wayne","https://yahoofantasysports-res.cloudinary.com/image/upload/t_s192sq/fantasy-logos/6345bed68e022eae643b4402863890d13da2eaaf6f495c9c6b5c038545747e8b.jpg"
"399.l.605636.t.3","399.l.605636.t.7",8,"preevent",0.31,81.83,"0.00","Alabama Slammer","john","https://yahoofantasysports-res.cloudinary.com/image/upload/t_s192sq/fantasy-logos/24966926549_e39885c544.jpg","taking a 'rona","Jp","https://yahoofantasysports-res.cloudinary.com/image/upload/t_s192sq/fantasy-logos/44285213562_ce51b8.jpg"
"399.l.605636.t.3","399.l.605636.t.8",9,"preevent",0.54,133.98,"0.00","Alabama Slammer","john","https://yahoofantasysports-res.cloudinary.com/image/upload/t_s192sq/fantasy-logos/24966926549_e39885c544.jpg","Papa Peeps","Josh","https://yahoofantasysports-res.cloudinary.com/image/upload/t_s192sq/fantasy-logos/57361934414_8cbe97.jpg"
"399.l.605636.t.3","399.l.605636.t.9",10,"preevent",0.62,123.84,"0.00","Alabama Slammer","john","https://yahoofantasysports-res.cloudinary.com/image/upload/t_s192sq/fantasy-logos/24966926549_e39885c544.jpg","Pickle Ricks","Sean","https://yahoofantasysports-res.cloudinary.com/image/upload/t_s192sq/fantasy-logos/25947095919_4de969.jpg"
"399.l.605636.t.3","399.l.605636.t.10",11,"preevent",0.55,125.19,"0.00","Alabama Slammer","john","https://yahoofantasysports-res.cloudinary.com/image/upload/t_s192sq/fantasy-logos/24966926549_e39885c544.jpg","Corona Boners","Blaine","https://yahoofantasysports-res.cloudinary.com/image/upload/t_s192sq/fantasy-logos/56482426281_cb3742.jpg"
"399.l.605636.t.3","399.l.605636.t.11",12,"preevent",0.54,146.01,"0.00","Alabama Slammer","john","https://yahoofantasysports-res.cloudinary.com/image/upload/t_s192sq/fantasy-logos/24966926549_e39885c544.jpg","Suck it boners","Jeremy","https://yahoofantasysports-res.cloudinary.com/image/upload/t_s192sq/fantasy-logos/24932942439_d3d88ba3c8.jpg"
"399.l.605636.t.3","399.l.605636.t.1",13,"preevent",0.58,142.89,"0.00","Alabama Slammer","john","https://yahoofantasysports-res.cloudinary.com/image/upload/t_s192sq/fantasy-logos/24966926549_e39885c544.jpg","Redemption Boners","Marc","https://yahoofantasysports-res.cloudinary.com/image/upload/t_s192sq/fantasy-logos/24955837179_9ea67a7ec1.jpg"
"399.l.605636.t.4","399.l.605636.t.10",1,"preevent",0.45,140.86,"0.00","Florida Man","Joshua","https://s.yimg.com/cv/apiv2/default/nfl/nfl_4.png","Corona Boners","Blaine","https://yahoofantasysports-res.cloudinary.com/image/upload/t_s192sq/fantasy-logos/56482426281_cb3742.jpg"
"399.l.605636.t.4","399.l.605636.t.11",2,"preevent",0.47,144.65,"0.00","Florida Man","Joshua","https://s.yimg.com/cv/apiv2/default/nfl/nfl_4.png","Suck it boners","Jeremy","https://yahoofantasysports-res.cloudinary.com/image/upload/t_s192sq/fantasy-logos/24932942439_d3d88ba3c8.jpg"
"399.l.605636.t.4","399.l.605636.t.1",3,"preevent",0.44,136.22,"0.00","Florida Man","Joshua","https://s.yimg.com/cv/apiv2/default/nfl/nfl_4.png","Redemption Boners","Marc","https://yahoofantasysports-res.cloudinary.com/image/upload/t_s192sq/fantasy-logos/24955837179_9ea67a7ec1.jpg"
"399.l.605636.t.4","399.l.605636.t.2",4,"preevent",0.5,136.44,"0.00","Florida Man","Joshua","https://s.yimg.com/cv/apiv2/default/nfl/nfl_4.png","Admiral Ackbars","Joseph","https://yahoofantasysports-res.cloudinary.com/image/upload/t_s192sq/fantasy-logos/29232944137_89c392.jpg"
"399.l.605636.t.4","399.l.605636.t.3",5,"preevent",0.34,124.44,"0.00","Florida Man","Joshua","https://s.yimg.com/cv/apiv2/default/nfl/nfl_4.png","Alabama Slammer","john","https://yahoofantasysports-res.cloudinary.com/image/upload/t_s192sq/fantasy-logos/24966926549_e39885c544.jpg"
"399.l.605636.t.4","399.l.605636.t.12",6,"preevent",0.49,116.37,"0.00","Florida Man","Joshua","https://s.yimg.com/cv/apiv2/default/nfl/nfl_4.png","The Devils Rejects","Damien","https://yahoofantasysports-res.cloudinary.com/image/upload/t_s192sq/fantasy-logos/24975873119_7c41d8c039.jpg"
"399.l.605636.t.4","399.l.605636.t.5",7,"preevent",0.36,118.73,"0.00","Florida Man","Joshua","https://s.yimg.com/cv/apiv2/default/nfl/nfl_4.png","Boners of Freedom","Samuel","https://s.yimg.com/cv/apiv2/default/nfl/nfl_4.png"
"399.l.605636.t.4","399.l.605636.t.6",8,"preevent",0.43,112.13,"0.00","Florida Man","Joshua","https://s.yimg.com/cv/apiv2/default/nfl/nfl_4.png","Curve Flatteners","Wayne","https://yahoofantasysports-res.cloudinary.com/image/upload/t_s192sq/fantasy-logos/6345bed68e022eae643b4402863890d13da2eaaf6f495c9c6b5c038545747e8b.jpg"
"399.l.605636.t.4","399.l.605636.t.7",9,"preevent",0.38,117.19,"0.00","Florida Man","Joshua","https://s.yimg.com/cv/apiv2/default/nfl/nfl_4.png","taking a 'rona","Jp","https://yahoofantasysports-res.cloudinary.com/image/upload/t_s192sq/fantasy-logos/44285213562_ce51b8.jpg"
"399.l.605636.t.4","399.l.605636.t.8",10,"preevent",0.22,101.44,"0.00","Florida Man","Joshua","https://s.yimg.com/cv/apiv2/default/nfl/nfl_4.png","Papa Peeps","Josh","https://yahoofantasysports-res.cloudinary.com/image/upload/t_s192sq/fantasy-logos/57361934414_8cbe97.jpg"
"399.l.605636.t.4","399.l.605636.t.9",11,"preevent",0.56,144.17,"0.00","Florida Man","Joshua","https://s.yimg.com/cv/apiv2/default/nfl/nfl_4.png","Pickle Ricks","Sean","https://yahoofantasysports-res.cloudinary.com/image/upload/t_s192sq/fantasy-logos/25947095919_4de969.jpg"
"399.l.605636.t.4","399.l.605636.t.10",12,"preevent",0.45,135.7,"0.00","Florida Man","Joshua","https://s.yimg.com/cv/apiv2/default/nfl/nfl_4.png","Corona Boners","Blaine","https://yahoofantasysports-res.cloudinary.com/image/upload/t_s192sq/fantasy-logos/56482426281_cb3742.jpg"
"399.l.605636.t.4","399.l.605636.t.11",13,"preevent",0.66,146.85,"0.00","Florida Man","Joshua","https://s.yimg.com/cv/apiv2/default/nfl/nfl_4.png","Suck it boners","Jeremy","https://yahoofantasysports-res.cloudinary.com/image/upload/t_s192sq/fantasy-logos/24932942439_d3d88ba3c8.jpg"
"399.l.605636.t.5","399.l.605636.t.9",1,"preevent",0.41,144.1,"0.00","Boners of Freedom","Samuel","https://s.yimg.com/cv/apiv2/default/nfl/nfl_4.png","Pickle Ricks","Sean","https://yahoofantasysports-res.cloudinary.com/image/upload/t_s192sq/fantasy-logos/25947095919_4de969.jpg"
"399.l.605636.t.5","399.l.605636.t.10",2,"preevent",0.5,144.9,"0.00","Boners of Freedom","Samuel","https://s.yimg.com/cv/apiv2/default/nfl/nfl_4.png","Corona Boners","Blaine","https://yahoofantasysports-res.cloudinary.com/image/upload/t_s192sq/fantasy-logos/56482426281_cb3742.jpg"
"399.l.605636.t.5","399.l.605636.t.11",3,"preevent",0.46,135.35,"0.00","Boners of Freedom","Samuel","https://s.yimg.com/cv/apiv2/default/nfl/nfl_4.png","Suck it boners","Jeremy","https://yahoofantasysports-res.cloudinary.com/image/upload/t_s192sq/fantasy-logos/24932942439_d3d88ba3c8.jpg"
"399.l.605636.t.5","399.l.605636.t.1",4,"preevent",0.43,136.24,"0.00","Boners of Freedom","Samuel","https://s.yimg.com/cv/apiv2/default/nfl/nfl_4.png","Redemption Boners","Marc","https://yahoofantasysports-res.cloudinary.com/image/upload/t_s192sq/fantasy-logos/24955837179_9ea67a7ec1.jpg"
"399.l.605636.t.5","399.l.605636.t.2",5,"preevent",0.37,123.84,"0.00","Boners of Freedom","Samuel","https://s.yimg.com/cv/apiv2/default/nfl/nfl_4.png","Admiral Ackbars","Joseph","https://yahoofantasysports-res.cloudinary.com/image/upload/t_s192sq/fantasy-logos/29232944137_89c392.jpg"
"399.l.605636.t.5","399.l.605636.t.3",6,"preevent",0.28,103.49,"0.00","Boners of Freedom","Samuel","https://s.yimg.com/cv/apiv2/default/nfl/nfl_4.png","Alabama Slammer","john","https://yahoofantasysports-res.cloudinary.com/image/upload/t_s192sq/fantasy-logos/24966926549_e39885c544.jpg"
"399.l.605636.t.5","399.l.605636.t.4",7,"preevent",0.64,136.67,"0.00","Boners of Freedom","Samuel","https://s.yimg.com/cv/apiv2/default/nfl/nfl_4.png","Florida Man","Joshua","https://s.yimg.com/cv/apiv2/default/nfl/nfl_4.png"
"399.l.605636.t.5","399.l.605636.t.12",8,"preevent",0.32,125.45,"0.00","Boners of Freedom","Samuel","https://s.yimg.com/cv/apiv2/default/nfl/nfl_4.png","The Devils Rejects","Damien","https://yahoofantasysports-res.cloudinary.com/image/upload/t_s192sq/fantasy-logos/24975873119_7c41d8c039.jpg"
"399.l.605636.t.5","399.l.605636.t.6",9,"preevent",0.34,119.1,"0.00","Boners of Freedom","Samuel","https://s.yimg.com/cv/apiv2/default/nfl/nfl_4.png","Curve Flatteners","Wayne","https://yahoofantasysports-res.cloudinary.com/image/upload/t_s192sq/fantasy-logos/6345bed68e022eae643b4402863890d13da2eaaf6f495c9c6b5c038545747e8b.jpg"
"399.l.605636.t.5","399.l.605636.t.7",10,"preevent",0.3,107.47,"0.00","Boners of Freedom","Samuel","https://s.yimg.com/cv/apiv2/default/nfl/nfl_4.png","taking a 'rona","Jp","https://yahoofantasysports-res.cloudinary.com/image/upload/t_s192sq/fantasy-logos/44285213562_ce51b8.jpg"
"399.l.605636.t.5","399.l.605636.t.8",11,"preevent",0.57,114.74,"0.00","Boners of Freedom","Samuel","https://s.yimg.com/cv/apiv2/default/nfl/nfl_4.png","Papa Peeps","Josh","https://yahoofantasysports-res.cloudinary.com/image/upload/t_s192sq/fantasy-logos/57361934414_8cbe97.jpg"
"399.l.605636.t.5","399.l.605636.t.9",12,"preevent",0.44,136.87,"0.00","Boners of Freedom","Samuel","https://s.yimg.com/cv/apiv2/default/nfl/nfl_4.png","Pickle Ricks","Sean","https://yahoofantasysports-res.cloudinary.com/image/upload/t_s192sq/fantasy-logos/25947095919_4de969.jpg"
"399.l.605636.t.5","399.l.605636.t.10",13,"preevent",0.39,127.41,"0.00","Boners of Freedom","Samuel","https://s.yimg.com/cv/apiv2/default/nfl/nfl_4.png","Corona Boners","Blaine","https://yahoofantasysports-res.cloudinary.com/image/upload/t_s192sq/fantasy-logos/56482426281_cb3742.jpg"
"399.l.605636.t.6","399.l.605636.t.8",1,"preevent",0.58,161.91,"0.00","Curve Flatteners","Wayne","https://yahoofantasysports-res.cloudinary.com/image/upload/t_s192sq/fantasy-logos/6345bed68e022eae643b4402863890d13da2eaaf6f495c9c6b5c038545747e8b.jpg","Papa Peeps","Josh","https://yahoofantasysports-res.cloudinary.com/image/upload/t_s192sq/fantasy-logos/57361934414_8cbe97.jpg"
"399.l.605636.t.6","399.l.605636.t.9",2,"preevent",0.56,160.55,"0.00","Curve Flatteners","Wayne","https://yahoofantasysports-res.cloudinary.com/image/upload/t_s192sq/fantasy-logos/6345bed68e022eae643b4402863890d13da2eaaf6f495c9c6b5c038545747e8b.jpg","Pickle Ricks","Sean","https://yahoofantasysports-res.cloudinary.com/image/upload/t_s192sq/fantasy-logos/25947095919_4de969.jpg"
"399.l.605636.t.6","399.l.605636.t.10",3,"preevent",0.57,152.22,"0.00","Curve Flatteners","Wayne","https://yahoofantasysports-res.cloudinary.com/image/upload/t_s192sq/fantasy-logos/6345bed68e022eae643b4402863890d13da2eaaf6f495c9c6b5c038545747e8b.jpg","Corona Boners","Blaine","https://yahoofantasysports-res.cloudinary.com/image/upload/t_s192sq/fantasy-logos/56482426281_cb3742.jpg"
"399.l.605636.t.6","399.l.605636.t.11",4,"preevent",0.57,149.83,"0.00","Curve Flatteners","Wayne","https://yahoofantasysports-res.cloudinary.com/image/upload/t_s192sq/fantasy-logos/6345bed68e022eae643b4402863890d13da2eaaf6f495c9c6b5c038545747e8b.jpg","Suck it boners","Jeremy","https://yahoofantasysports-res.cloudinary.com/image/upload/t_s192sq/fantasy-logos/24932942439_d3d88ba3c8.jpg"
"399.l.605636.t.6","399.l.605636.t.1",5,"preevent",0.52,146.52,"0.00","Curve Flatteners","Wayne","https://yahoofantasysports-res.cloudinary.com/image/upload/t_s192sq/fantasy-logos/6345bed68e022eae643b4402863890d13da2eaaf6f495c9c6b5c038545747e8b.jpg","Redemption Boners","Marc","https://yahoofantasysports-res.cloudinary.com/image/upload/t_s192sq/fantasy-logos/24955837179_9ea67a7ec1.jpg"
"399.l.605636.t.6","399.l.605636.t.2",6,"preevent",0.69,119.35,"0.00","Curve Flatteners","Wayne","https://yahoofantasysports-res.cloudinary.com/image/upload/t_s192sq/fantasy-logos/6345bed68e022eae643b4402863890d13da2eaaf6f495c9c6b5c038545747e8b.jpg","Admiral Ackbars","Joseph","https://yahoofantasysports-res.cloudinary.com/image/upload/t_s192sq/fantasy-logos/29232944137_89c392.jpg"
"399.l.605636.t.6","399.l.605636.t.3",7,"preevent",0.62,147.15,"0.00","Curve Flatteners","Wayne","https://yahoofantasysports-res.cloudinary.com/image/upload/t_s192sq/fantasy-logos/6345bed68e022eae643b4402863890d13da2eaaf6f495c9c6b5c038545747e8b.jpg","Alabama Slammer","john","https://yahoofantasysports-res.cloudinary.com/image/upload/t_s192sq/fantasy-logos/24966926549_e39885c544.jpg"
"399.l.605636.t.6","399.l.605636.t.4",8,"preevent",0.57,121.51,"0.00","Curve Flatteners","Wayne","https://yahoofantasysports-res.cloudinary.com/image/upload/t_s192sq/fantasy-logos/6345bed68e022eae643b4402863890d13da2eaaf6f495c9c6b5c038545747e8b.jpg","Florida Man","Joshua","https://s.yimg.com/cv/apiv2/default/nfl/nfl_4.png"
"399.l.605636.t.6","399.l.605636.t.5",9,"preevent",0.66,139.88,"0.00","Curve Flatteners","Wayne","https://yahoofantasysports-res.cloudinary.com/image/upload/t_s192sq/fantasy-logos/6345bed68e022eae643b4402863890d13da2eaaf6f495c9c6b5c038545747e8b.jpg","Boners of Freedom","Samuel","https://s.yimg.com/cv/apiv2/default/nfl/nfl_4.png"
"399.l.605636.t.6","399.l.605636.t.12",10,"preevent",0.32,94.71,"0.00","Curve Flatteners","Wayne","https://yahoofantasysports-res.cloudinary.com/image/upload/t_s192sq/fantasy-logos/6345bed68e022eae643b4402863890d13da2eaaf6f495c9c6b5c038545747e8b.jpg","The Devils Rejects","Damien","https://yahoofantasysports-res.cloudinary.com/image/upload/t_s192sq/fantasy-logos/24975873119_7c41d8c039.jpg"
"399.l.605636.t.6","399.l.605636.t.7",11,"preevent",0.45,121.49,"0.00","Curve Flatteners","Wayne","https://yahoofantasysports-res.cloudinary.com/image/upload/t_s192sq/fantasy-logos/6345bed68e022eae643b4402863890d13da2eaaf6f495c9c6b5c038545747e8b.jpg","taking a 'rona","Jp","https://yahoofantasysports-res.cloudinary.com/image/upload/t_s192sq/fantasy-logos/44285213562_ce51b8.jpg"
"399.l.605636.t.6","399.l.605636.t.8",12,"preevent",0.54,147.19,"0.00","Curve Flatteners","Wayne","https://yahoofantasysports-res.cloudinary.com/image/upload/t_s192sq/fantasy-logos/6345bed68e022eae643b4402863890d13da2eaaf6f495c9c6b5c038545747e8b.jpg","Papa Peeps","Josh","https://yahoofantasysports-res.cloudinary.com/image/upload/t_s192sq/fantasy-logos/57361934414_8cbe97.jpg"
"399.l.605636.t.6","399.l.605636.t.9",13,"preevent",0.49,151.99,"0.00","Curve Flatteners","Wayne","https://yahoofantasysports-res.cloudinary.com/image/upload/t_s192sq/fantasy-logos/6345bed68e022eae643b4402863890d13da2eaaf6f495c9c6b5c038545747e8b.jpg","Pickle Ricks","Sean","https://yahoofantasysports-res.cloudinary.com/image/upload/t_s192sq/fantasy-logos/25947095919_4de969.jpg"
"399.l.605636.t.7","399.l.605636.t.12",1,"preevent",0.47,158.9,"0.00","taking a 'rona","Jp","https://yahoofantasysports-res.cloudinary.com/image/upload/t_s192sq/fantasy-logos/44285213562_ce51b8.jpg","The Devils Rejects","Damien","https://yahoofantasysports-res.cloudinary.com/image/upload/t_s192sq/fantasy-logos/24975873119_7c41d8c039.jpg"
"399.l.605636.t.7","399.l.605636.t.8",2,"preevent",0.59,153.39,"0.00","taking a 'rona","Jp","https://yahoofantasysports-res.cloudinary.com/image/upload/t_s192sq/fantasy-logos/44285213562_ce51b8.jpg","Papa Peeps","Josh","https://yahoofantasysports-res.cloudinary.com/image/upload/t_s192sq/fantasy-logos/57361934414_8cbe97.jpg"
"399.l.605636.t.7","399.l.605636.t.9",3,"preevent",0.54,149.83,"0.00","taking a 'rona","Jp","https://yahoofantasysports-res.cloudinary.com/image/upload/t_s192sq/fantasy-logos/44285213562_ce51b8.jpg","Pickle Ricks","Sean","https://yahoofantasysports-res.cloudinary.com/image/upload/t_s192sq/fantasy-logos/25947095919_4de969.jpg"
"399.l.605636.t.7","399.l.605636.t.10",4,"preevent",0.54,147.77,"0.00","taking a 'rona","Jp","https://yahoofantasysports-res.cloudinary.com/image/upload/t_s192sq/fantasy-logos/44285213562_ce51b8.jpg","Corona Boners","Blaine","https://yahoofantasysports-res.cloudinary.com/image/upload/t_s192sq/fantasy-logos/56482426281_cb3742.jpg"
"399.l.605636.t.7","399.l.605636.t.11",5,"preevent",0.76,148.8,"0.00","taking a 'rona","Jp","https://yahoofantasysports-res.cloudinary.com/image/upload/t_s192sq/fantasy-logos/44285213562_ce51b8.jpg","Suck it boners","Jeremy","https://yahoofantasysports-res.cloudinary.com/image/upload/t_s192sq/fantasy-logos/24932942439_d3d88ba3c8.jpg"
"399.l.605636.t.7","399.l.605636.t.1",6,"preevent",0.34,126.92,"0.00","taking a 'rona","Jp","https://yahoofantasysports-res.cloudinary.com/image/upload/t_s192sq/fantasy-logos/44285213562_ce51b8.jpg","Redemption Boners","Marc","https://yahoofantasysports-res.cloudinary.com/image/upload/t_s192sq/fantasy-logos/24955837179_9ea67a7ec1.jpg"
"399.l.605636.t.7","399.l.605636.t.2",7,"preevent",0.31,117,"0.00","taking a 'rona","Jp","https://yahoofantasysports-res.cloudinary.com/image/upload/t_s192sq/fantasy-logos/44285213562_ce51b8.jpg","Admiral Ackbars","Joseph","https://yahoofantasysports-res.cloudinary.com/image/upload/t_s192sq/fantasy-logos/29232944137_89c392.jpg"
"399.l.605636.t.7","399.l.605636.t.3",8,"preevent",0.69,103.92,"0.00","taking a 'rona","Jp","https://yahoofantasysports-res.cloudinary.com/image/upload/t_s192sq/fantasy-logos/44285213562_ce51b8.jpg","Alabama Slammer","john","https://yahoofantasysports-res.cloudinary.com/image/upload/t_s192sq/fantasy-logos/24966926549_e39885c544.jpg"
"399.l.605636.t.7","399.l.605636.t.4",9,"preevent",0.62,133.73,"0.00","taking a 'rona","Jp","https://yahoofantasysports-res.cloudinary.com/image/upload/t_s192sq/fantasy-logos/44285213562_ce51b8.jpg","Florida Man","Joshua","https://s.yimg.com/cv/apiv2/default/nfl/nfl_4.png"
"399.l.605636.t.7","399.l.605636.t.5",10,"preevent",0.7,133.63,"0.00","taking a 'rona","Jp","https://yahoofantasysports-res.cloudinary.com/image/upload/t_s192sq/fantasy-logos/44285213562_ce51b8.jpg","Boners of Freedom","Samuel","https://s.yimg.com/cv/apiv2/default/nfl/nfl_4.png"
"399.l.605636.t.7","399.l.605636.t.6",11,"preevent",0.55,128.45,"0.00","taking a 'rona","Jp","https://yahoofantasysports-res.cloudinary.com/image/upload/t_s192sq/fantasy-logos/44285213562_ce51b8.jpg","Curve Flatteners","Wayne","https://yahoofantasysports-res.cloudinary.com/image/upload/t_s192sq/fantasy-logos/6345bed68e022eae643b4402863890d13da2eaaf6f495c9c6b5c038545747e8b.jpg"
"399.l.605636.t.7","399.l.605636.t.12",12,"preevent",0.43,148.59,"0.00","taking a 'rona","Jp","https://yahoofantasysports-res.cloudinary.com/image/upload/t_s192sq/fantasy-logos/44285213562_ce51b8.jpg","The Devils Rejects","Damien","https://yahoofantasysports-res.cloudinary.com/image/upload/t_s192sq/fantasy-logos/24975873119_7c41d8c039.jpg"
"399.l.605636.t.7","399.l.605636.t.8",13,"preevent",0.76,148.46,"0.00","taking a 'rona","Jp","https://yahoofantasysports-res.cloudinary.com/image/upload/t_s192sq/fantasy-logos/44285213562_ce51b8.jpg","Papa Peeps","Josh","https://yahoofantasysports-res.cloudinary.com/image/upload/t_s192sq/fantasy-logos/57361934414_8cbe97.jpg"
"399.l.605636.t.8","399.l.605636.t.6",1,"preevent",0.42,149.27,"0.00","Papa Peeps","Josh","https://yahoofantasysports-res.cloudinary.com/image/upload/t_s192sq/fantasy-logos/57361934414_8cbe97.jpg","Curve Flatteners","Wayne","https://yahoofantasysports-res.cloudinary.com/image/upload/t_s192sq/fantasy-logos/6345bed68e022eae643b4402863890d13da2eaaf6f495c9c6b5c038545747e8b.jpg"
"399.l.605636.t.8","399.l.605636.t.7",2,"preevent",0.41,140.65,"0.00","Papa Peeps","Josh","https://yahoofantasysports-res.cloudinary.com/image/upload/t_s192sq/fantasy-logos/57361934414_8cbe97.jpg","taking a 'rona","Jp","https://yahoofantasysports-res.cloudinary.com/image/upload/t_s192sq/fantasy-logos/44285213562_ce51b8.jpg"
"399.l.605636.t.8","399.l.605636.t.12",3,"preevent",0.44,143.84,"0.00","Papa Peeps","Josh","https://yahoofantasysports-res.cloudinary.com/image/upload/t_s192sq/fantasy-logos/57361934414_8cbe97.jpg","The Devils Rejects","Damien","https://yahoofantasysports-res.cloudinary.com/image/upload/t_s192sq/fantasy-logos/24975873119_7c41d8c039.jpg"
"399.l.605636.t.8","399.l.605636.t.9",4,"preevent",0.43,141.46,"0.00","Papa Peeps","Josh","https://yahoofantasysports-res.cloudinary.com/image/upload/t_s192sq/fantasy-logos/57361934414_8cbe97.jpg","Pickle Ricks","Sean","https://yahoofantasysports-res.cloudinary.com/image/upload/t_s192sq/fantasy-logos/25947095919_4de969.jpg"
"399.l.605636.t.8","399.l.605636.t.10",5,"preevent",0.62,131.1,"0.00","Papa Peeps","Josh","https://yahoofantasysports-res.cloudinary.com/image/upload/t_s192sq/fantasy-logos/57361934414_8cbe97.jpg","Corona Boners","Blaine","https://yahoofantasysports-res.cloudinary.com/image/upload/t_s192sq/fantasy-logos/56482426281_cb3742.jpg"
"399.l.605636.t.8","399.l.605636.t.11",6,"preevent",0.71,147.88,"0.00","Papa Peeps","Josh","https://yahoofantasysports-res.cloudinary.com/image/upload/t_s192sq/fantasy-logos/57361934414_8cbe97.jpg","Suck it boners","Jeremy","https://yahoofantasysports-res.cloudinary.com/image/upload/t_s192sq/fantasy-logos/24932942439_d3d88ba3c8.jpg"
"399.l.605636.t.8","399.l.605636.t.1",7,"preevent",0.39,117.48,"0.00","Papa Peeps","Josh","https://yahoofantasysports-res.cloudinary.com/image/upload/t_s192sq/fantasy-logos/57361934414_8cbe97.jpg","Redemption Boners","Marc","https://yahoofantasysports-res.cloudinary.com/image/upload/t_s192sq/fantasy-logos/24955837179_9ea67a7ec1.jpg"
"399.l.605636.t.8","399.l.605636.t.2",8,"preevent",0.53,108.15,"0.00","Papa Peeps","Josh","https://yahoofantasysports-res.cloudinary.com/image/upload/t_s192sq/fantasy-logos/57361934414_8cbe97.jpg","Admiral Ackbars","Joseph","https://yahoofantasysports-res.cloudinary.com/image/upload/t_s192sq/fantasy-logos/29232944137_89c392.jpg"
"399.l.605636.t.8","399.l.605636.t.3",9,"preevent",0.46,128.37,"0.00","Papa Peeps","Josh","https://yahoofantasysports-res.cloudinary.com/image/upload/t_s192sq/fantasy-logos/57361934414_8cbe97.jpg","Alabama Slammer","john","https://yahoofantasysports-res.cloudinary.com/image/upload/t_s192sq/fantasy-logos/24966926549_e39885c544.jpg"
"399.l.605636.t.8","399.l.605636.t.4",10,"preevent",0.78,141.44,"0.00","Papa Peeps","Josh","https://yahoofantasysports-res.cloudinary.com/image/upload/t_s192sq/fantasy-logos/57361934414_8cbe97.jpg","Florida Man","Joshua","https://s.yimg.com/cv/apiv2/default/nfl/nfl_4.png"
"399.l.605636.t.8","399.l.605636.t.5",11,"preevent",0.43,106.83,"0.00","Papa Peeps","Josh","https://yahoofantasysports-res.cloudinary.com/image/upload/t_s192sq/fantasy-logos/57361934414_8cbe97.jpg","Boners of Freedom","Samuel","https://s.yimg.com/cv/apiv2/default/nfl/nfl_4.png"
"399.l.605636.t.8","399.l.605636.t.6",12,"preevent",0.46,141.05,"0.00","Papa Peeps","Josh","https://yahoofantasysports-res.cloudinary.com/image/upload/t_s192sq/fantasy-logos/57361934414_8cbe97.jpg","Curve Flatteners","Wayne","https://yahoofantasysports-res.cloudinary.com/image/upload/t_s192sq/fantasy-logos/6345bed68e022eae643b4402863890d13da2eaaf6f495c9c6b5c038545747e8b.jpg"
"399.l.605636.t.8","399.l.605636.t.7",13,"preevent",0.24,111.56,"0.00","Papa Peeps","Josh","https://yahoofantasysports-res.cloudinary.com/image/upload/t_s192sq/fantasy-logos/57361934414_8cbe97.jpg","taking a 'rona","Jp","https://yahoofantasysports-res.cloudinary.com/image/upload/t_s192sq/fantasy-logos/44285213562_ce51b8.jpg"
"399.l.605636.t.9","399.l.605636.t.5",1,"preevent",0.59,156.44,"0.00","Pickle Ricks","Sean","https://yahoofantasysports-res.cloudinary.com/image/upload/t_s192sq/fantasy-logos/25947095919_4de969.jpg","Boners of Freedom","Samuel","https://s.yimg.com/cv/apiv2/default/nfl/nfl_4.png"
"399.l.605636.t.9","399.l.605636.t.6",2,"preevent",0.44,151.12,"0.00","Pickle Ricks","Sean","https://yahoofantasysports-res.cloudinary.com/image/upload/t_s192sq/fantasy-logos/25947095919_4de969.jpg","Curve Flatteners","Wayne","https://yahoofantasysports-res.cloudinary.com/image/upload/t_s192sq/fantasy-logos/6345bed68e022eae643b4402863890d13da2eaaf6f495c9c6b5c038545747e8b.jpg"
"399.l.605636.t.9","399.l.605636.t.7",3,"preevent",0.46,144.67,"0.00","Pickle Ricks","Sean","https://yahoofantasysports-res.cloudinary.com/image/upload/t_s192sq/fantasy-logos/25947095919_4de969.jpg","taking a 'rona","Jp","https://yahoofantasysports-res.cloudinary.com/image/upload/t_s192sq/fantasy-logos/44285213562_ce51b8.jpg"
"399.l.605636.t.9","399.l.605636.t.8",4,"preevent",0.57,151.7,"0.00","Pickle Ricks","Sean","https://yahoofantasysports-res.cloudinary.com/image/upload/t_s192sq/fantasy-logos/25947095919_4de969.jpg","Papa Peeps","Josh","https://yahoofantasysports-res.cloudinary.com/image/upload/t_s192sq/fantasy-logos/57361934414_8cbe97.jpg"
"399.l.605636.t.9","399.l.605636.t.12",5,"preevent",0.55,144.18,"0.00","Pickle Ricks","Sean","https://yahoofantasysports-res.cloudinary.com/image/upload/t_s192sq/fantasy-logos/25947095919_4de969.jpg","The Devils Rejects","Damien","https://yahoofantasysports-res.cloudinary.com/image/upload/t_s192sq/fantasy-logos/24975873119_7c41d8c039.jpg"
"399.l.605636.t.9","399.l.605636.t.10",6,"preevent",0.4,130.05,"0.00","Pickle Ricks","Sean","https://yahoofantasysports-res.cloudinary.com/image/upload/t_s192sq/fantasy-logos/25947095919_4de969.jpg","Corona Boners","Blaine","https://yahoofantasysports-res.cloudinary.com/image/upload/t_s192sq/fantasy-logos/56482426281_cb3742.jpg"
"399.l.605636.t.9","399.l.605636.t.11",7,"preevent",0.57,135.98,"0.00","Pickle Ricks","Sean","https://yahoofantasysports-res.cloudinary.com/image/upload/t_s192sq/fantasy-logos/25947095919_4de969.jpg","Suck it boners","Jeremy","https://yahoofantasysports-res.cloudinary.com/image/upload/t_s192sq/fantasy-logos/24932942439_d3d88ba3c8.jpg"
"399.l.605636.t.9","399.l.605636.t.1",8,"preevent",0.42,128.19,"0.00","Pickle Ricks","Sean","https://yahoofantasysports-res.cloudinary.com/image/upload/t_s192sq/fantasy-logos/25947095919_4de969.jpg","Redemption Boners","Marc","https://yahoofantasysports-res.cloudinary.com/image/upload/t_s192sq/fantasy-logos/24955837179_9ea67a7ec1.jpg"
"399.l.605636.t.9","399.l.605636.t.2",9,"preevent",0.44,110.82,"0.00","Pickle Ricks","Sean","https://yahoofantasysports-res.cloudinary.com/image/upload/t_s192sq/fantasy-logos/25947095919_4de969.jpg","Admiral Ackbars","Joseph","https://yahoofantasysports-res.cloudinary.com/image/upload/t_s192sq/fantasy-logos/29232944137_89c392.jpg"
"399.l.605636.t.9","399.l.605636.t.3",10,"preevent",0.38,108.18,"0.00","Pickle Ricks","Sean","https://yahoofantasysports-res.cloudinary.com/image/upload/t_s192sq/fantasy-logos/25947095919_4de969.jpg","Alabama Slammer","john","https://yahoofantasysports-res.cloudinary.com/image/upload/t_s192sq/fantasy-logos/24966926549_e39885c544.jpg"
"399.l.605636.t.9","399.l.605636.t.4",11,"preevent",0.44,135.99,"0.00","Pickle Ricks","Sean","https://yahoofantasysports-res.cloudinary.com/image/upload/t_s192sq/fantasy-logos/25947095919_4de969.jpg","Florida Man","Joshua","https://s.yimg.com/cv/apiv2/default/nfl/nfl_4.png"
"399.l.605636.t.9","399.l.605636.t.5",12,"preevent",0.56,144.34,"0.00","Pickle Ricks","Sean","https://yahoofantasysports-res.cloudinary.com/image/upload/t_s192sq/fantasy-logos/25947095919_4de969.jpg","Boners of Freedom","Samuel","https://s.yimg.com/cv/apiv2/default/nfl/nfl_4.png"
"399.l.605636.t.9","399.l.605636.t.6",13,"preevent",0.51,153.12,"0.00","Pickle Ricks","Sean","https://yahoofantasysports-res.cloudinary.com/image/upload/t_s192sq/fantasy-logos/25947095919_4de969.jpg","Curve Flatteners","Wayne","https://yahoofantasysports-res.cloudinary.com/image/upload/t_s192sq/fantasy-logos/6345bed68e022eae643b4402863890d13da2eaaf6f495c9c6b5c038545747e8b.jpg"
"399.l.605636.t.10","399.l.605636.t.4",1,"preevent",0.55,148.94,"0.00","Corona Boners","Blaine","https://yahoofantasysports-res.cloudinary.com/image/upload/t_s192sq/fantasy-logos/56482426281_cb3742.jpg","Florida Man","Joshua","https://s.yimg.com/cv/apiv2/default/nfl/nfl_4.png"
"399.l.605636.t.10","399.l.605636.t.5",2,"preevent",0.5,145.3,"0.00","Corona Boners","Blaine","https://yahoofantasysports-res.cloudinary.com/image/upload/t_s192sq/fantasy-logos/56482426281_cb3742.jpg","Boners of Freedom","Samuel","https://s.yimg.com/cv/apiv2/default/nfl/nfl_4.png"
"399.l.605636.t.10","399.l.605636.t.6",3,"preevent",0.43,141.54,"0.00","Corona Boners","Blaine","https://yahoofantasysports-res.cloudinary.com/image/upload/t_s192sq/fantasy-logos/56482426281_cb3742.jpg","Curve Flatteners","Wayne","https://yahoofantasysports-res.cloudinary.com/image/upload/t_s192sq/fantasy-logos/6345bed68e022eae643b4402863890d13da2eaaf6f495c9c6b5c038545747e8b.jpg"
"399.l.605636.t.10","399.l.605636.t.7",4,"preevent",0.46,142.51,"0.00","Corona Boners","Blaine","https://yahoofantasysports-res.cloudinary.com/image/upload/t_s192sq/fantasy-logos/56482426281_cb3742.jpg","taking a 'rona","Jp","https://yahoofantasysports-res.cloudinary.com/image/upload/t_s192sq/fantasy-logos/44285213562_ce51b8.jpg"
"399.l.605636.t.10","399.l.605636.t.8",5,"preevent",0.38,115.6,"0.00","Corona Boners","Blaine","https://yahoofantasysports-res.cloudinary.com/image/upload/t_s192sq/fantasy-logos/56482426281_cb3742.jpg","Papa Peeps","Josh","https://yahoofantasysports-res.cloudinary.com/image/upload/t_s192sq/fantasy-logos/57361934414_8cbe97.jpg"
"399.l.605636.t.10","399.l.605636.t.9",6,"preevent",0.6,143.4,"0.00","Corona Boners","Blaine","https://yahoofantasysports-res.cloudinary.com/image/upload/t_s192sq/fantasy-logos/56482426281_cb3742.jpg","Pickle Ricks","Sean","https://yahoofantasysports-res.cloudinary.com/image/upload/t_s192sq/fantasy-logos/25947095919_4de969.jpg"
"399.l.605636.t.10","399.l.605636.t.12",7,"preevent",0.25,113.76,"0.00","Corona Boners","Blaine","https://yahoofantasysports-res.cloudinary.com/image/upload/t_s192sq/fantasy-logos/56482426281_cb3742.jpg","The Devils Rejects","Damien","https://yahoofantasysports-res.cloudinary.com/image/upload/t_s192sq/fantasy-logos/24975873119_7c41d8c039.jpg"
"399.l.605636.t.10","399.l.605636.t.11",8,"preevent",0.41,128.74,"0.00","Corona Boners","Blaine","https://yahoofantasysports-res.cloudinary.com/image/upload/t_s192sq/fantasy-logos/56482426281_cb3742.jpg","Suck it boners","Jeremy","https://yahoofantasysports-res.cloudinary.com/image/upload/t_s192sq/fantasy-logos/24932942439_d3d88ba3c8.jpg"
"399.l.605636.t.10","399.l.605636.t.1",9,"preevent",0.52,130.86,"0.00","Corona Boners","Blaine","https://yahoofantasysports-res.cloudinary.com/image/upload/t_s192sq/fantasy-logos/56482426281_cb3742.jpg","Redemption Boners","Marc","https://yahoofantasysports-res.cloudinary.com/image/upload/t_s192sq/fantasy-logos/24955837179_9ea67a7ec1.jpg"
"399.l.605636.t.10","399.l.605636.t.2",10,"preevent",0.47,105.86,"0.00","Corona Boners","Blaine","https://yahoofantasysports-res.cloudinary.com/image/upload/t_s192sq/fantasy-logos/56482426281_cb3742.jpg","Admiral Ackbars","Joseph","https://yahoofantasysports-res.cloudinary.com/image/upload/t_s192sq/fantasy-logos/29232944137_89c392.jpg"
"399.l.605636.t.10","399.l.605636.t.3",11,"preevent",0.45,118.42,"0.00","Corona Boners","Blaine","https://yahoofantasysports-res.cloudinary.com/image/upload/t_s192sq/fantasy-logos/56482426281_cb3742.jpg","Alabama Slammer","john","https://yahoofantasysports-res.cloudinary.com/image/upload/t_s192sq/fantasy-logos/24966926549_e39885c544.jpg"
"399.l.605636.t.10","399.l.605636.t.4",12,"preevent",0.55,143.32,"0.00","Corona Boners","Blaine","https://yahoofantasysports-res.cloudinary.com/image/upload/t_s192sq/fantasy-logos/56482426281_cb3742.jpg","Florida Man","Joshua","https://s.yimg.com/cv/apiv2/default/nfl/nfl_4.png"
"399.l.605636.t.10","399.l.605636.t.5",13,"preevent",0.61,141.59,"0.00","Corona Boners","Blaine","https://yahoofantasysports-res.cloudinary.com/image/upload/t_s192sq/fantasy-logos/56482426281_cb3742.jpg","Boners of Freedom","Samuel","https://s.yimg.com/cv/apiv2/default/nfl/nfl_4.png"
"399.l.605636.t.11","399.l.605636.t.3",1,"preevent",0.44,145.18,"0.00","Suck it boners","Jeremy","https://yahoofantasysports-res.cloudinary.com/image/upload/t_s192sq/fantasy-logos/24932942439_d3d88ba3c8.jpg","Alabama Slammer","john","https://yahoofantasysports-res.cloudinary.com/image/upload/t_s192sq/fantasy-logos/24966926549_e39885c544.jpg"
"399.l.605636.t.11","399.l.605636.t.4",2,"preevent",0.53,148.45,"0.00","Suck it boners","Jeremy","https://yahoofantasysports-res.cloudinary.com/image/upload/t_s192sq/fantasy-logos/24932942439_d3d88ba3c8.jpg","Florida Man","Joshua","https://s.yimg.com/cv/apiv2/default/nfl/nfl_4.png"
"399.l.605636.t.11","399.l.605636.t.5",3,"preevent",0.54,141.23,"0.00","Suck it boners","Jeremy","https://yahoofantasysports-res.cloudinary.com/image/upload/t_s192sq/fantasy-logos/24932942439_d3d88ba3c8.jpg","Boners of Freedom","Samuel","https://s.yimg.com/cv/apiv2/default/nfl/nfl_4.png"
"399.l.605636.t.11","399.l.605636.t.6",4,"preevent",0.43,140.12,"0.00","Suck it boners","Jeremy","https://yahoofantasysports-res.cloudinary.com/image/upload/t_s192sq/fantasy-logos/24932942439_d3d88ba3c8.jpg","Curve Flatteners","Wayne","https://yahoofantasysports-res.cloudinary.com/image/upload/t_s192sq/fantasy-logos/6345bed68e022eae643b4402863890d13da2eaaf6f495c9c6b5c038545747e8b.jpg"
"399.l.605636.t.11","399.l.605636.t.7",5,"preevent",0.24,109.35,"0.00","Suck it boners","Jeremy","https://yahoofantasysports-res.cloudinary.com/image/upload/t_s192sq/fantasy-logos/24932942439_d3d88ba3c8.jpg","taking a 'rona","Jp","https://yahoofantasysports-res.cloudinary.com/image/upload/t_s192sq/fantasy-logos/44285213562_ce51b8.jpg"
"399.l.605636.t.11","399.l.605636.t.8",6,"preevent",0.29,117.3,"0.00","Suck it boners","Jeremy","https://yahoofantasysports-res.cloudinary.com/image/upload/t_s192sq/fantasy-logos/24932942439_d3d88ba3c8.jpg","Papa Peeps","Josh","https://yahoofantasysports-res.cloudinary.com/image/upload/t_s192sq/fantasy-logos/57361934414_8cbe97.jpg"
"399.l.605636.t.11","399.l.605636.t.9",7,"preevent",0.43,127.08,"0.00","Suck it boners","Jeremy","https://yahoofantasysports-res.cloudinary.com/image/upload/t_s192sq/fantasy-logos/24932942439_d3d88ba3c8.jpg","Pickle Ricks","Sean","https://yahoofantasysports-res.cloudinary.com/image/upload/t_s192sq/fantasy-logos/25947095919_4de969.jpg"
"399.l.605636.t.11","399.l.605636.t.10",8,"preevent",0.59,140.67,"0.00","Suck it boners","Jeremy","https://yahoofantasysports-res.cloudinary.com/image/upload/t_s192sq/fantasy-logos/24932942439_d3d88ba3c8.jpg","Corona Boners","Blaine","https://yahoofantasysports-res.cloudinary.com/image/upload/t_s192sq/fantasy-logos/56482426281_cb3742.jpg"
"399.l.605636.t.11","399.l.605636.t.12",9,"preevent",0.12,91.82,"0.00","Suck it boners","Jeremy","https://yahoofantasysports-res.cloudinary.com/image/upload/t_s192sq/fantasy-logos/24932942439_d3d88ba3c8.jpg","The Devils Rejects","Damien","https://yahoofantasysports-res.cloudinary.com/image/upload/t_s192sq/fantasy-logos/24975873119_7c41d8c039.jpg"
"399.l.605636.t.11","399.l.605636.t.1",10,"preevent",0.62,133.25,"0.00","Suck it boners","Jeremy","https://yahoofantasysports-res.cloudinary.com/image/upload/t_s192sq/fantasy-logos/24932942439_d3d88ba3c8.jpg","Redemption Boners","Marc","https://yahoofantasysports-res.cloudinary.com/image/upload/t_s192sq/fantasy-logos/24955837179_9ea67a7ec1.jpg"
"399.l.605636.t.11","399.l.605636.t.2",11,"preevent",0.49,137.62,"0.00","Suck it boners","Jeremy","https://yahoofantasysports-res.cloudinary.com/image/upload/t_s192sq/fantasy-logos/24932942439_d3d88ba3c8.jpg","Admiral Ackbars","Joseph","https://yahoofantasysports-res.cloudinary.com/image/upload/t_s192sq/fantasy-logos/29232944137_89c392.jpg"
"399.l.605636.t.11","399.l.605636.t.3",12,"preevent",0.46,141.13,"0.00","Suck it boners","Jeremy","https://yahoofantasysports-res.cloudinary.com/image/upload/t_s192sq/fantasy-logos/24932942439_d3d88ba3c8.jpg","Alabama Slammer","john","https://yahoofantasysports-res.cloudinary.com/image/upload/t_s192sq/fantasy-logos/24966926549_e39885c544.jpg"
"399.l.605636.t.11","399.l.605636.t.4",13,"preevent",0.34,123.64,"0.00","Suck it boners","Jeremy","https://yahoofantasysports-res.cloudinary.com/image/upload/t_s192sq/fantasy-logos/24932942439_d3d88ba3c8.jpg","Florida Man","Joshua","https://s.yimg.com/cv/apiv2/default/nfl/nfl_4.png"
"399.l.605636.t.12","399.l.605636.t.7",1,"preevent",0.53,163.72,"0.00","The Devils Rejects","Damien","https://yahoofantasysports-res.cloudinary.com/image/upload/t_s192sq/fantasy-logos/24975873119_7c41d8c039.jpg","taking a 'rona","Jp","https://yahoofantasysports-res.cloudinary.com/image/upload/t_s192sq/fantasy-logos/44285213562_ce51b8.jpg"
"399.l.605636.t.12","399.l.605636.t.2",2,"preevent",0.6,157.62,"0.00","The Devils Rejects","Damien","https://yahoofantasysports-res.cloudinary.com/image/upload/t_s192sq/fantasy-logos/24975873119_7c41d8c039.jpg","Admiral Ackbars","Joseph","https://yahoofantasysports-res.cloudinary.com/image/upload/t_s192sq/fantasy-logos/29232944137_89c392.jpg"
"399.l.605636.t.12","399.l.605636.t.8",3,"preevent",0.56,152.33,"0.00","The Devils Rejects","Damien","https://yahoofantasysports-res.cloudinary.com/image/upload/t_s192sq/fantasy-logos/24975873119_7c41d8c039.jpg","Papa Peeps","Josh","https://yahoofantasysports-res.cloudinary.com/image/upload/t_s192sq/fantasy-logos/57361934414_8cbe97.jpg"
"399.l.605636.t.12","399.l.605636.t.3",4,"preevent",0.55,151.81,"0.00","The Devils Rejects","Damien","https://yahoofantasysports-res.cloudinary.com/image/upload/t_s192sq/fantasy-logos/24975873119_7c41d8c039.jpg","Alabama Slammer","john","https://yahoofantasysports-res.cloudinary.com/image/upload/t_s192sq/fantasy-logos/24966926549_e39885c544.jpg"
"399.l.605636.t.12","399.l.605636.t.9",5,"preevent",0.45,137.28,"0.00","The Devils Rejects","Damien","https://yahoofantasysports-res.cloudinary.com/image/upload/t_s192sq/fantasy-logos/24975873119_7c41d8c039.jpg","Pickle Ricks","Sean","https://yahoofantasysports-res.cloudinary.com/image/upload/t_s192sq/fantasy-logos/25947095919_4de969.jpg"
"399.l.605636.t.12","399.l.605636.t.4",6,"preevent",0.51,117.48,"0.00","The Devils Rejects","Damien","https://yahoofantasysports-res.cloudinary.com/image/upload/t_s192sq/fantasy-logos/24975873119_7c41d8c039.jpg","Florida Man","Joshua","https://s.yimg.com/cv/apiv2/default/nfl/nfl_4.png"
"399.l.605636.t.12","399.l.605636.t.10",7,"preevent",0.75,151.87,"0.00","The Devils Rejects","Damien","https://yahoofantasysports-res.cloudinary.com/image/upload/t_s192sq/fantasy-logos/24975873119_7c41d8c039.jpg","Corona Boners","Blaine","https://yahoofantasysports-res.cloudinary.com/image/upload/t_s192sq/fantasy-logos/56482426281_cb3742.jpg"
"399.l.605636.t.12","399.l.605636.t.5",8,"preevent",0.68,150.61,"0.00","The Devils Rejects","Damien","https://yahoofantasysports-res.cloudinary.com/image/upload/t_s192sq/fantasy-logos/24975873119_7c41d8c039.jpg","Boners of Freedom","Samuel","https://s.yimg.com/cv/apiv2/default/nfl/nfl_4.png"
"399.l.605636.t.12","399.l.605636.t.11",9,"preevent",0.88,152.91,"0.00","The Devils Rejects","Damien","https://yahoofantasysports-res.cloudinary.com/image/upload/t_s192sq/fantasy-logos/24975873119_7c41d8c039.jpg","Suck it boners","Jeremy","https://yahoofantasysports-res.cloudinary.com/image/upload/t_s192sq/fantasy-logos/24932942439_d3d88ba3c8.jpg"
"399.l.605636.t.12","399.l.605636.t.6",10,"preevent",0.68,117.71,"0.00","The Devils Rejects","Damien","https://yahoofantasysports-res.cloudinary.com/image/upload/t_s192sq/fantasy-logos/24975873119_7c41d8c039.jpg","Curve Flatteners","Wayne","https://yahoofantasysports-res.cloudinary.com/image/upload/t_s192sq/fantasy-logos/6345bed68e022eae643b4402863890d13da2eaaf6f495c9c6b5c038545747e8b.jpg"
"399.l.605636.t.12","399.l.605636.t.1",11,"preevent",0.62,129.65,"0.00","The Devils Rejects","Damien","https://yahoofantasysports-res.cloudinary.com/image/upload/t_s192sq/fantasy-logos/24975873119_7c41d8c039.jpg","Redemption Boners","Marc","https://yahoofantasysports-res.cloudinary.com/image/upload/t_s192sq/fantasy-logos/24955837179_9ea67a7ec1.jpg"
"399.l.605636.t.12","399.l.605636.t.7",12,"preevent",0.57,158.96,"0.00","The Devils Rejects","Damien","https://yahoofantasysports-res.cloudinary.com/image/upload/t_s192sq/fantasy-logos/24975873119_7c41d8c039.jpg","taking a 'rona","Jp","https://yahoofantasysports-res.cloudinary.com/image/upload/t_s192sq/fantasy-logos/44285213562_ce51b8.jpg"
"399.l.605636.t.12","399.l.605636.t.2",13,"preevent",0.34,109.01,"0.00","The Devils Rejects","Damien","https://yahoofantasysports-res.cloudinary.com/image/upload/t_s192sq/fantasy-logos/24975873119_7c41d8c039.jpg","Admiral Ackbars","Joseph","https://yahoofantasysports-res.cloudinary.com/image/upload/t_s192sq/fantasy-logos/29232944137_89c392.jpg"
