"key","opponent","week","event_type","probability","proj","actual","name.team","owner.team","pic.team","name.oppo","owner.oppo","pic.oppo","home","away","matchup","matchupnum"
"399.l.605636.t.1","399.l.605636.t.2",1,"preevent",0.53,142.22,"0.00","Redemption Boners","Marc","https://yahoofantasysports-res.cloudinary.com/image/upload/t_s192sq/fantasy-logos/24955837179_9ea67a7ec1.jpg","Admiral Ackbars","Joseph","https://yahoofantasysports-res.cloudinary.com/image/upload/t_s192sq/fantasy-logos/29232944137_89c392.jpg",1,2,8,"2"
"399.l.605636.t.2","399.l.605636.t.1",1,"preevent",0.47,137.79,"0.00","Admiral Ackbars","Joseph","https://yahoofantasysports-res.cloudinary.com/image/upload/t_s192sq/fantasy-logos/29232944137_89c392.jpg","Redemption Boners","Marc","https://yahoofantasysports-res.cloudinary.com/image/upload/t_s192sq/fantasy-logos/24955837179_9ea67a7ec1.jpg",2,1,8,"2"
"399.l.605636.t.6","399.l.605636.t.8",1,"preevent",0.58,161.91,"0.00","Curve Flatteners","Wayne","https://yahoofantasysports-res.cloudinary.com/image/upload/t_s192sq/fantasy-logos/6345bed68e022eae643b4402863890d13da2eaaf6f495c9c6b5c038545747e8b.jpg","Papa Peeps","Josh","https://yahoofantasysports-res.cloudinary.com/image/upload/t_s192sq/fantasy-logos/57361934414_8cbe97.jpg",6,8,114,"3"
"399.l.605636.t.8","399.l.605636.t.6",1,"preevent",0.42,149.27,"0.00","Papa Peeps","Josh","https://yahoofantasysports-res.cloudinary.com/image/upload/t_s192sq/fantasy-logos/57361934414_8cbe97.jpg","Curve Flatteners","Wayne","https://yahoofantasysports-res.cloudinary.com/image/upload/t_s192sq/fantasy-logos/6345bed68e022eae643b4402863890d13da2eaaf6f495c9c6b5c038545747e8b.jpg",8,6,114,"3"
"399.l.605636.t.5","399.l.605636.t.9",1,"preevent",0.41,144.1,"0.00","Boners of Freedom","Samuel","https://s.yimg.com/cv/apiv2/default/nfl/nfl_4.png","Pickle Ricks","Sean","https://yahoofantasysports-res.cloudinary.com/image/upload/t_s192sq/fantasy-logos/25947095919_4de969.jpg",5,9,120,"4"
"399.l.605636.t.9","399.l.605636.t.5",1,"preevent",0.59,156.44,"0.00","Pickle Ricks","Sean","https://yahoofantasysports-res.cloudinary.com/image/upload/t_s192sq/fantasy-logos/25947095919_4de969.jpg","Boners of Freedom","Samuel","https://s.yimg.com/cv/apiv2/default/nfl/nfl_4.png",9,5,120,"4"
"399.l.605636.t.4","399.l.605636.t.10",1,"preevent",0.45,140.86,"0.00","Florida Man","Joshua","https://s.yimg.com/cv/apiv2/default/nfl/nfl_4.png","Corona Boners","Blaine","https://yahoofantasysports-res.cloudinary.com/image/upload/t_s192sq/fantasy-logos/56482426281_cb3742.jpg",4,10,130,"5"
"399.l.605636.t.10","399.l.605636.t.4",1,"preevent",0.55,148.94,"0.00","Corona Boners","Blaine","https://yahoofantasysports-res.cloudinary.com/image/upload/t_s192sq/fantasy-logos/56482426281_cb3742.jpg","Florida Man","Joshua","https://s.yimg.com/cv/apiv2/default/nfl/nfl_4.png",10,4,130,"5"
"399.l.605636.t.3","399.l.605636.t.11",1,"preevent",0.56,153.46,"0.00","Alabama Slammer","john","https://yahoofantasysports-res.cloudinary.com/image/upload/t_s192sq/fantasy-logos/24966926549_e39885c544.jpg","Suck it boners","Jeremy","https://yahoofantasysports-res.cloudinary.com/image/upload/t_s192sq/fantasy-logos/24932942439_d3d88ba3c8.jpg",3,11,144,"6"
"399.l.605636.t.11","399.l.605636.t.3",1,"preevent",0.44,145.18,"0.00","Suck it boners","Jeremy","https://yahoofantasysports-res.cloudinary.com/image/upload/t_s192sq/fantasy-logos/24932942439_d3d88ba3c8.jpg","Alabama Slammer","john","https://yahoofantasysports-res.cloudinary.com/image/upload/t_s192sq/fantasy-logos/24966926549_e39885c544.jpg",11,3,144,"6"
"399.l.605636.t.7","399.l.605636.t.12",1,"preevent",0.47,158.9,"0.00","taking a 'rona","Jp","https://yahoofantasysports-res.cloudinary.com/image/upload/t_s192sq/fantasy-logos/44285213562_ce51b8.jpg","The Devils Rejects","Damien","https://yahoofantasysports-res.cloudinary.com/image/upload/t_s192sq/fantasy-logos/24975873119_7c41d8c039.jpg",7,12,212,"1"
"399.l.605636.t.12","399.l.605636.t.7",1,"preevent",0.53,163.72,"0.00","The Devils Rejects","Damien","https://yahoofantasysports-res.cloudinary.com/image/upload/t_s192sq/fantasy-logos/24975873119_7c41d8c039.jpg","taking a 'rona","Jp","https://yahoofantasysports-res.cloudinary.com/image/upload/t_s192sq/fantasy-logos/44285213562_ce51b8.jpg",12,7,212,"1"
"399.l.605636.t.1","399.l.605636.t.3",2,"preevent",0.44,149.56,"0.00","Redemption Boners","Marc","https://yahoofantasysports-res.cloudinary.com/image/upload/t_s192sq/fantasy-logos/24955837179_9ea67a7ec1.jpg","Alabama Slammer","john","https://yahoofantasysports-res.cloudinary.com/image/upload/t_s192sq/fantasy-logos/24966926549_e39885c544.jpg",1,3,14,"2"
"399.l.605636.t.3","399.l.605636.t.1",2,"preevent",0.56,158.71,"0.00","Alabama Slammer","john","https://yahoofantasysports-res.cloudinary.com/image/upload/t_s192sq/fantasy-logos/24966926549_e39885c544.jpg","Redemption Boners","Marc","https://yahoofantasysports-res.cloudinary.com/image/upload/t_s192sq/fantasy-logos/24955837179_9ea67a7ec1.jpg",3,1,14,"2"
"399.l.605636.t.7","399.l.605636.t.8",2,"preevent",0.59,153.39,"0.00","taking a 'rona","Jp","https://yahoofantasysports-res.cloudinary.com/image/upload/t_s192sq/fantasy-logos/44285213562_ce51b8.jpg","Papa Peeps","Josh","https://yahoofantasysports-res.cloudinary.com/image/upload/t_s192sq/fantasy-logos/57361934414_8cbe97.jpg",7,8,128,"3"
"399.l.605636.t.8","399.l.605636.t.7",2,"preevent",0.41,140.65,"0.00","Papa Peeps","Josh","https://yahoofantasysports-res.cloudinary.com/image/upload/t_s192sq/fantasy-logos/57361934414_8cbe97.jpg","taking a 'rona","Jp","https://yahoofantasysports-res.cloudinary.com/image/upload/t_s192sq/fantasy-logos/44285213562_ce51b8.jpg",8,7,128,"3"
"399.l.605636.t.6","399.l.605636.t.9",2,"preevent",0.56,160.55,"0.00","Curve Flatteners","Wayne","https://yahoofantasysports-res.cloudinary.com/image/upload/t_s192sq/fantasy-logos/6345bed68e022eae643b4402863890d13da2eaaf6f495c9c6b5c038545747e8b.jpg","Pickle Ricks","Sean","https://yahoofantasysports-res.cloudinary.com/image/upload/t_s192sq/fantasy-logos/25947095919_4de969.jpg",6,9,132,"4"
"399.l.605636.t.9","399.l.605636.t.6",2,"preevent",0.44,151.12,"0.00","Pickle Ricks","Sean","https://yahoofantasysports-res.cloudinary.com/image/upload/t_s192sq/fantasy-logos/25947095919_4de969.jpg","Curve Flatteners","Wayne","https://yahoofantasysports-res.cloudinary.com/image/upload/t_s192sq/fantasy-logos/6345bed68e022eae643b4402863890d13da2eaaf6f495c9c6b5c038545747e8b.jpg",9,6,132,"4"
"399.l.605636.t.5","399.l.605636.t.10",2,"preevent",0.5,144.9,"0.00","Boners of Freedom","Samuel","https://s.yimg.com/cv/apiv2/default/nfl/nfl_4.png","Corona Boners","Blaine","https://yahoofantasysports-res.cloudinary.com/image/upload/t_s192sq/fantasy-logos/56482426281_cb3742.jpg",5,10,140,"5"
"399.l.605636.t.10","399.l.605636.t.5",2,"preevent",0.5,145.3,"0.00","Corona Boners","Blaine","https://yahoofantasysports-res.cloudinary.com/image/upload/t_s192sq/fantasy-logos/56482426281_cb3742.jpg","Boners of Freedom","Samuel","https://s.yimg.com/cv/apiv2/default/nfl/nfl_4.png",10,5,140,"5"
"399.l.605636.t.4","399.l.605636.t.11",2,"preevent",0.47,144.65,"0.00","Florida Man","Joshua","https://s.yimg.com/cv/apiv2/default/nfl/nfl_4.png","Suck it boners","Jeremy","https://yahoofantasysports-res.cloudinary.com/image/upload/t_s192sq/fantasy-logos/24932942439_d3d88ba3c8.jpg",4,11,152,"6"
"399.l.605636.t.11","399.l.605636.t.4",2,"preevent",0.53,148.45,"0.00","Suck it boners","Jeremy","https://yahoofantasysports-res.cloudinary.com/image/upload/t_s192sq/fantasy-logos/24932942439_d3d88ba3c8.jpg","Florida Man","Joshua","https://s.yimg.com/cv/apiv2/default/nfl/nfl_4.png",11,4,152,"6"
"399.l.605636.t.2","399.l.605636.t.12",2,"preevent",0.4,142.14,"0.00","Admiral Ackbars","Joseph","https://yahoofantasysports-res.cloudinary.com/image/upload/t_s192sq/fantasy-logos/29232944137_89c392.jpg","The Devils Rejects","Damien","https://yahoofantasysports-res.cloudinary.com/image/upload/t_s192sq/fantasy-logos/24975873119_7c41d8c039.jpg",2,12,162,"1"
"399.l.605636.t.12","399.l.605636.t.2",2,"preevent",0.6,157.62,"0.00","The Devils Rejects","Damien","https://yahoofantasysports-res.cloudinary.com/image/upload/t_s192sq/fantasy-logos/24975873119_7c41d8c039.jpg","Admiral Ackbars","Joseph","https://yahoofantasysports-res.cloudinary.com/image/upload/t_s192sq/fantasy-logos/29232944137_89c392.jpg",12,2,162,"1"
"399.l.605636.t.2","399.l.605636.t.3",3,"preevent",0.52,146.53,"0.00","Admiral Ackbars","Joseph","https://yahoofantasysports-res.cloudinary.com/image/upload/t_s192sq/fantasy-logos/29232944137_89c392.jpg","Alabama Slammer","john","https://yahoofantasysports-res.cloudinary.com/image/upload/t_s192sq/fantasy-logos/24966926549_e39885c544.jpg",2,3,18,"2"
"399.l.605636.t.3","399.l.605636.t.2",3,"preevent",0.48,144.25,"0.00","Alabama Slammer","john","https://yahoofantasysports-res.cloudinary.com/image/upload/t_s192sq/fantasy-logos/24966926549_e39885c544.jpg","Admiral Ackbars","Joseph","https://yahoofantasysports-res.cloudinary.com/image/upload/t_s192sq/fantasy-logos/29232944137_89c392.jpg",3,2,18,"2"
"399.l.605636.t.1","399.l.605636.t.4",3,"preevent",0.6,150.96,"0.00","Redemption Boners","Marc","https://yahoofantasysports-res.cloudinary.com/image/upload/t_s192sq/fantasy-logos/24955837179_9ea67a7ec1.jpg","Florida Man","Joshua","https://s.yimg.com/cv/apiv2/default/nfl/nfl_4.png",1,4,22,"3"
"399.l.605636.t.4","399.l.605636.t.1",3,"preevent",0.4,136.22,"0.00","Florida Man","Joshua","https://s.yimg.com/cv/apiv2/default/nfl/nfl_4.png","Redemption Boners","Marc","https://yahoofantasysports-res.cloudinary.com/image/upload/t_s192sq/fantasy-logos/24955837179_9ea67a7ec1.jpg",4,1,22,"3"
"399.l.605636.t.7","399.l.605636.t.9",3,"preevent",0.54,149.83,"0.00","taking a 'rona","Jp","https://yahoofantasysports-res.cloudinary.com/image/upload/t_s192sq/fantasy-logos/44285213562_ce51b8.jpg","Pickle Ricks","Sean","https://yahoofantasysports-res.cloudinary.com/image/upload/t_s192sq/fantasy-logos/25947095919_4de969.jpg",7,9,146,"4"
"399.l.605636.t.9","399.l.605636.t.7",3,"preevent",0.46,144.67,"0.00","Pickle Ricks","Sean","https://yahoofantasysports-res.cloudinary.com/image/upload/t_s192sq/fantasy-logos/25947095919_4de969.jpg","taking a 'rona","Jp","https://yahoofantasysports-res.cloudinary.com/image/upload/t_s192sq/fantasy-logos/44285213562_ce51b8.jpg",9,7,146,"4"
"399.l.605636.t.6","399.l.605636.t.10",3,"preevent",0.57,152.22,"0.00","Curve Flatteners","Wayne","https://yahoofantasysports-res.cloudinary.com/image/upload/t_s192sq/fantasy-logos/6345bed68e022eae643b4402863890d13da2eaaf6f495c9c6b5c038545747e8b.jpg","Corona Boners","Blaine","https://yahoofantasysports-res.cloudinary.com/image/upload/t_s192sq/fantasy-logos/56482426281_cb3742.jpg",6,10,152,"5"
"399.l.605636.t.10","399.l.605636.t.6",3,"preevent",0.43,141.54,"0.00","Corona Boners","Blaine","https://yahoofantasysports-res.cloudinary.com/image/upload/t_s192sq/fantasy-logos/56482426281_cb3742.jpg","Curve Flatteners","Wayne","https://yahoofantasysports-res.cloudinary.com/image/upload/t_s192sq/fantasy-logos/6345bed68e022eae643b4402863890d13da2eaaf6f495c9c6b5c038545747e8b.jpg",10,6,152,"5"
"399.l.605636.t.5","399.l.605636.t.11",3,"preevent",0.46,135.35,"0.00","Boners of Freedom","Samuel","https://s.yimg.com/cv/apiv2/default/nfl/nfl_4.png","Suck it boners","Jeremy","https://yahoofantasysports-res.cloudinary.com/image/upload/t_s192sq/fantasy-logos/24932942439_d3d88ba3c8.jpg",5,11,162,"6"
"399.l.605636.t.11","399.l.605636.t.5",3,"preevent",0.54,141.23,"0.00","Suck it boners","Jeremy","https://yahoofantasysports-res.cloudinary.com/image/upload/t_s192sq/fantasy-logos/24932942439_d3d88ba3c8.jpg","Boners of Freedom","Samuel","https://s.yimg.com/cv/apiv2/default/nfl/nfl_4.png",11,5,162,"6"
"399.l.605636.t.8","399.l.605636.t.12",3,"preevent",0.44,143.84,"0.00","Papa Peeps","Josh","https://yahoofantasysports-res.cloudinary.com/image/upload/t_s192sq/fantasy-logos/57361934414_8cbe97.jpg","The Devils Rejects","Damien","https://yahoofantasysports-res.cloudinary.com/image/upload/t_s192sq/fantasy-logos/24975873119_7c41d8c039.jpg",8,12,228,"1"
"399.l.605636.t.12","399.l.605636.t.8",3,"preevent",0.56,152.33,"0.00","The Devils Rejects","Damien","https://yahoofantasysports-res.cloudinary.com/image/upload/t_s192sq/fantasy-logos/24975873119_7c41d8c039.jpg","Papa Peeps","Josh","https://yahoofantasysports-res.cloudinary.com/image/upload/t_s192sq/fantasy-logos/57361934414_8cbe97.jpg",12,8,228,"1"
"399.l.605636.t.2","399.l.605636.t.4",4,"preevent",0.5,136.96,"0.00","Admiral Ackbars","Joseph","https://yahoofantasysports-res.cloudinary.com/image/upload/t_s192sq/fantasy-logos/29232944137_89c392.jpg","Florida Man","Joshua","https://s.yimg.com/cv/apiv2/default/nfl/nfl_4.png",2,4,26,"2"
"399.l.605636.t.4","399.l.605636.t.2",4,"preevent",0.5,136.44,"0.00","Florida Man","Joshua","https://s.yimg.com/cv/apiv2/default/nfl/nfl_4.png","Admiral Ackbars","Joseph","https://yahoofantasysports-res.cloudinary.com/image/upload/t_s192sq/fantasy-logos/29232944137_89c392.jpg",4,2,26,"2"
"399.l.605636.t.1","399.l.605636.t.5",4,"preevent",0.61,151.81,"0.00","Redemption Boners","Marc","https://yahoofantasysports-res.cloudinary.com/image/upload/t_s192sq/fantasy-logos/24955837179_9ea67a7ec1.jpg","Boners of Freedom","Samuel","https://s.yimg.com/cv/apiv2/default/nfl/nfl_4.png",1,5,32,"3"
"399.l.605636.t.5","399.l.605636.t.1",4,"preevent",0.39,136.24,"0.00","Boners of Freedom","Samuel","https://s.yimg.com/cv/apiv2/default/nfl/nfl_4.png","Redemption Boners","Marc","https://yahoofantasysports-res.cloudinary.com/image/upload/t_s192sq/fantasy-logos/24955837179_9ea67a7ec1.jpg",5,1,32,"3"
"399.l.605636.t.8","399.l.605636.t.9",4,"preevent",0.43,141.46,"0.00","Papa Peeps","Josh","https://yahoofantasysports-res.cloudinary.com/image/upload/t_s192sq/fantasy-logos/57361934414_8cbe97.jpg","Pickle Ricks","Sean","https://yahoofantasysports-res.cloudinary.com/image/upload/t_s192sq/fantasy-logos/25947095919_4de969.jpg",8,9,162,"4"
"399.l.605636.t.9","399.l.605636.t.8",4,"preevent",0.57,151.7,"0.00","Pickle Ricks","Sean","https://yahoofantasysports-res.cloudinary.com/image/upload/t_s192sq/fantasy-logos/25947095919_4de969.jpg","Papa Peeps","Josh","https://yahoofantasysports-res.cloudinary.com/image/upload/t_s192sq/fantasy-logos/57361934414_8cbe97.jpg",9,8,162,"4"
"399.l.605636.t.7","399.l.605636.t.10",4,"preevent",0.54,147.77,"0.00","taking a 'rona","Jp","https://yahoofantasysports-res.cloudinary.com/image/upload/t_s192sq/fantasy-logos/44285213562_ce51b8.jpg","Corona Boners","Blaine","https://yahoofantasysports-res.cloudinary.com/image/upload/t_s192sq/fantasy-logos/56482426281_cb3742.jpg",7,10,166,"5"
"399.l.605636.t.10","399.l.605636.t.7",4,"preevent",0.46,142.51,"0.00","Corona Boners","Blaine","https://yahoofantasysports-res.cloudinary.com/image/upload/t_s192sq/fantasy-logos/56482426281_cb3742.jpg","taking a 'rona","Jp","https://yahoofantasysports-res.cloudinary.com/image/upload/t_s192sq/fantasy-logos/44285213562_ce51b8.jpg",10,7,166,"5"
"399.l.605636.t.3","399.l.605636.t.12",4,"preevent",0.45,144.02,"0.00","Alabama Slammer","john","https://yahoofantasysports-res.cloudinary.com/image/upload/t_s192sq/fantasy-logos/24966926549_e39885c544.jpg","The Devils Rejects","Damien","https://yahoofantasysports-res.cloudinary.com/image/upload/t_s192sq/fantasy-logos/24975873119_7c41d8c039.jpg",3,12,168,"6"
"399.l.605636.t.12","399.l.605636.t.3",4,"preevent",0.55,151.81,"0.00","The Devils Rejects","Damien","https://yahoofantasysports-res.cloudinary.com/image/upload/t_s192sq/fantasy-logos/24975873119_7c41d8c039.jpg","Alabama Slammer","john","https://yahoofantasysports-res.cloudinary.com/image/upload/t_s192sq/fantasy-logos/24966926549_e39885c544.jpg",12,3,168,"6"
"399.l.605636.t.6","399.l.605636.t.11",4,"preevent",0.57,149.83,"0.00","Curve Flatteners","Wayne","https://yahoofantasysports-res.cloudinary.com/image/upload/t_s192sq/fantasy-logos/6345bed68e022eae643b4402863890d13da2eaaf6f495c9c6b5c038545747e8b.jpg","Suck it boners","Jeremy","https://yahoofantasysports-res.cloudinary.com/image/upload/t_s192sq/fantasy-logos/24932942439_d3d88ba3c8.jpg",6,11,174,"1"
"399.l.605636.t.11","399.l.605636.t.6",4,"preevent",0.43,140.12,"0.00","Suck it boners","Jeremy","https://yahoofantasysports-res.cloudinary.com/image/upload/t_s192sq/fantasy-logos/24932942439_d3d88ba3c8.jpg","Curve Flatteners","Wayne","https://yahoofantasysports-res.cloudinary.com/image/upload/t_s192sq/fantasy-logos/6345bed68e022eae643b4402863890d13da2eaaf6f495c9c6b5c038545747e8b.jpg",11,6,174,"1"
"399.l.605636.t.3","399.l.605636.t.4",5,"preevent",0.66,147.56,"0.00","Alabama Slammer","john","https://yahoofantasysports-res.cloudinary.com/image/upload/t_s192sq/fantasy-logos/24966926549_e39885c544.jpg","Florida Man","Joshua","https://s.yimg.com/cv/apiv2/default/nfl/nfl_4.png",3,4,32,"2"
"399.l.605636.t.4","399.l.605636.t.3",5,"preevent",0.34,124.44,"0.00","Florida Man","Joshua","https://s.yimg.com/cv/apiv2/default/nfl/nfl_4.png","Alabama Slammer","john","https://yahoofantasysports-res.cloudinary.com/image/upload/t_s192sq/fantasy-logos/24966926549_e39885c544.jpg",4,3,32,"2"
"399.l.605636.t.2","399.l.605636.t.5",5,"preevent",0.63,141.07,"0.00","Admiral Ackbars","Joseph","https://yahoofantasysports-res.cloudinary.com/image/upload/t_s192sq/fantasy-logos/29232944137_89c392.jpg","Boners of Freedom","Samuel","https://s.yimg.com/cv/apiv2/default/nfl/nfl_4.png",2,5,36,"3"
"399.l.605636.t.5","399.l.605636.t.2",5,"preevent",0.37,123.84,"0.00","Boners of Freedom","Samuel","https://s.yimg.com/cv/apiv2/default/nfl/nfl_4.png","Admiral Ackbars","Joseph","https://yahoofantasysports-res.cloudinary.com/image/upload/t_s192sq/fantasy-logos/29232944137_89c392.jpg",5,2,36,"3"
"399.l.605636.t.1","399.l.605636.t.6",5,"preevent",0.52,149.26,"0.00","Redemption Boners","Marc","https://yahoofantasysports-res.cloudinary.com/image/upload/t_s192sq/fantasy-logos/24955837179_9ea67a7ec1.jpg","Curve Flatteners","Wayne","https://yahoofantasysports-res.cloudinary.com/image/upload/t_s192sq/fantasy-logos/6345bed68e022eae643b4402863890d13da2eaaf6f495c9c6b5c038545747e8b.jpg",1,6,44,"4"
"399.l.605636.t.6","399.l.605636.t.1",5,"preevent",0.48,146.52,"0.00","Curve Flatteners","Wayne","https://yahoofantasysports-res.cloudinary.com/image/upload/t_s192sq/fantasy-logos/6345bed68e022eae643b4402863890d13da2eaaf6f495c9c6b5c038545747e8b.jpg","Redemption Boners","Marc","https://yahoofantasysports-res.cloudinary.com/image/upload/t_s192sq/fantasy-logos/24955837179_9ea67a7ec1.jpg",6,1,44,"4"
"399.l.605636.t.8","399.l.605636.t.10",5,"preevent",0.62,131.1,"0.00","Papa Peeps","Josh","https://yahoofantasysports-res.cloudinary.com/image/upload/t_s192sq/fantasy-logos/57361934414_8cbe97.jpg","Corona Boners","Blaine","https://yahoofantasysports-res.cloudinary.com/image/upload/t_s192sq/fantasy-logos/56482426281_cb3742.jpg",8,10,182,"5"
"399.l.605636.t.10","399.l.605636.t.8",5,"preevent",0.38,115.6,"0.00","Corona Boners","Blaine","https://yahoofantasysports-res.cloudinary.com/image/upload/t_s192sq/fantasy-logos/56482426281_cb3742.jpg","Papa Peeps","Josh","https://yahoofantasysports-res.cloudinary.com/image/upload/t_s192sq/fantasy-logos/57361934414_8cbe97.jpg",10,8,182,"5"
"399.l.605636.t.7","399.l.605636.t.11",5,"preevent",0.76,148.8,"0.00","taking a 'rona","Jp","https://yahoofantasysports-res.cloudinary.com/image/upload/t_s192sq/fantasy-logos/44285213562_ce51b8.jpg","Suck it boners","Jeremy","https://yahoofantasysports-res.cloudinary.com/image/upload/t_s192sq/fantasy-logos/24932942439_d3d88ba3c8.jpg",7,11,188,"6"
"399.l.605636.t.11","399.l.605636.t.7",5,"preevent",0.24,109.35,"0.00","Suck it boners","Jeremy","https://yahoofantasysports-res.cloudinary.com/image/upload/t_s192sq/fantasy-logos/24932942439_d3d88ba3c8.jpg","taking a 'rona","Jp","https://yahoofantasysports-res.cloudinary.com/image/upload/t_s192sq/fantasy-logos/44285213562_ce51b8.jpg",11,7,188,"6"
"399.l.605636.t.9","399.l.605636.t.12",5,"preevent",0.55,144.18,"0.00","Pickle Ricks","Sean","https://yahoofantasysports-res.cloudinary.com/image/upload/t_s192sq/fantasy-logos/25947095919_4de969.jpg","The Devils Rejects","Damien","https://yahoofantasysports-res.cloudinary.com/image/upload/t_s192sq/fantasy-logos/24975873119_7c41d8c039.jpg",9,12,246,"1"
"399.l.605636.t.12","399.l.605636.t.9",5,"preevent",0.45,137.28,"0.00","The Devils Rejects","Damien","https://yahoofantasysports-res.cloudinary.com/image/upload/t_s192sq/fantasy-logos/24975873119_7c41d8c039.jpg","Pickle Ricks","Sean","https://yahoofantasysports-res.cloudinary.com/image/upload/t_s192sq/fantasy-logos/25947095919_4de969.jpg",12,9,246,"1"
"399.l.605636.t.3","399.l.605636.t.5",6,"preevent",0.72,131.22,"0.00","Alabama Slammer","john","https://yahoofantasysports-res.cloudinary.com/image/upload/t_s192sq/fantasy-logos/24966926549_e39885c544.jpg","Boners of Freedom","Samuel","https://s.yimg.com/cv/apiv2/default/nfl/nfl_4.png",3,5,42,"2"
"399.l.605636.t.5","399.l.605636.t.3",6,"preevent",0.28,103.49,"0.00","Boners of Freedom","Samuel","https://s.yimg.com/cv/apiv2/default/nfl/nfl_4.png","Alabama Slammer","john","https://yahoofantasysports-res.cloudinary.com/image/upload/t_s192sq/fantasy-logos/24966926549_e39885c544.jpg",5,3,42,"2"
"399.l.605636.t.2","399.l.605636.t.6",6,"preevent",0.31,95.06,"0.00","Admiral Ackbars","Joseph","https://yahoofantasysports-res.cloudinary.com/image/upload/t_s192sq/fantasy-logos/29232944137_89c392.jpg","Curve Flatteners","Wayne","https://yahoofantasysports-res.cloudinary.com/image/upload/t_s192sq/fantasy-logos/6345bed68e022eae643b4402863890d13da2eaaf6f495c9c6b5c038545747e8b.jpg",2,6,48,"3"
"399.l.605636.t.6","399.l.605636.t.2",6,"preevent",0.69,119.35,"0.00","Curve Flatteners","Wayne","https://yahoofantasysports-res.cloudinary.com/image/upload/t_s192sq/fantasy-logos/6345bed68e022eae643b4402863890d13da2eaaf6f495c9c6b5c038545747e8b.jpg","Admiral Ackbars","Joseph","https://yahoofantasysports-res.cloudinary.com/image/upload/t_s192sq/fantasy-logos/29232944137_89c392.jpg",6,2,48,"3"
"399.l.605636.t.1","399.l.605636.t.7",6,"preevent",0.69,155.11,"0.00","Redemption Boners","Marc","https://yahoofantasysports-res.cloudinary.com/image/upload/t_s192sq/fantasy-logos/24955837179_9ea67a7ec1.jpg","taking a 'rona","Jp","https://yahoofantasysports-res.cloudinary.com/image/upload/t_s192sq/fantasy-logos/44285213562_ce51b8.jpg",1,7,58,"4"
"399.l.605636.t.7","399.l.605636.t.1",6,"preevent",0.31,126.92,"0.00","taking a 'rona","Jp","https://yahoofantasysports-res.cloudinary.com/image/upload/t_s192sq/fantasy-logos/44285213562_ce51b8.jpg","Redemption Boners","Marc","https://yahoofantasysports-res.cloudinary.com/image/upload/t_s192sq/fantasy-logos/24955837179_9ea67a7ec1.jpg",7,1,58,"4"
"399.l.605636.t.4","399.l.605636.t.12",6,"preevent",0.49,116.37,"0.00","Florida Man","Joshua","https://s.yimg.com/cv/apiv2/default/nfl/nfl_4.png","The Devils Rejects","Damien","https://yahoofantasysports-res.cloudinary.com/image/upload/t_s192sq/fantasy-logos/24975873119_7c41d8c039.jpg",4,12,176,"5"
"399.l.605636.t.12","399.l.605636.t.4",6,"preevent",0.51,117.48,"0.00","The Devils Rejects","Damien","https://yahoofantasysports-res.cloudinary.com/image/upload/t_s192sq/fantasy-logos/24975873119_7c41d8c039.jpg","Florida Man","Joshua","https://s.yimg.com/cv/apiv2/default/nfl/nfl_4.png",12,4,176,"5"
"399.l.605636.t.9","399.l.605636.t.10",6,"preevent",0.49,142.27,"0.00","Pickle Ricks","Sean","https://yahoofantasysports-res.cloudinary.com/image/upload/t_s192sq/fantasy-logos/25947095919_4de969.jpg","Corona Boners","Blaine","https://yahoofantasysports-res.cloudinary.com/image/upload/t_s192sq/fantasy-logos/56482426281_cb3742.jpg",9,10,200,"6"
"399.l.605636.t.10","399.l.605636.t.9",6,"preevent",0.51,143.4,"0.00","Corona Boners","Blaine","https://yahoofantasysports-res.cloudinary.com/image/upload/t_s192sq/fantasy-logos/56482426281_cb3742.jpg","Pickle Ricks","Sean","https://yahoofantasysports-res.cloudinary.com/image/upload/t_s192sq/fantasy-logos/25947095919_4de969.jpg",10,9,200,"6"
"399.l.605636.t.8","399.l.605636.t.11",6,"preevent",0.71,147.88,"0.00","Papa Peeps","Josh","https://yahoofantasysports-res.cloudinary.com/image/upload/t_s192sq/fantasy-logos/57361934414_8cbe97.jpg","Suck it boners","Jeremy","https://yahoofantasysports-res.cloudinary.com/image/upload/t_s192sq/fantasy-logos/24932942439_d3d88ba3c8.jpg",8,11,204,"1"
"399.l.605636.t.11","399.l.605636.t.8",6,"preevent",0.29,117.3,"0.00","Suck it boners","Jeremy","https://yahoofantasysports-res.cloudinary.com/image/upload/t_s192sq/fantasy-logos/24932942439_d3d88ba3c8.jpg","Papa Peeps","Josh","https://yahoofantasysports-res.cloudinary.com/image/upload/t_s192sq/fantasy-logos/57361934414_8cbe97.jpg",11,8,204,"1"
"399.l.605636.t.4","399.l.605636.t.5",7,"preevent",0.36,118.73,"0.00","Florida Man","Joshua","https://s.yimg.com/cv/apiv2/default/nfl/nfl_4.png","Boners of Freedom","Samuel","https://s.yimg.com/cv/apiv2/default/nfl/nfl_4.png",4,5,50,"2"
"399.l.605636.t.5","399.l.605636.t.4",7,"preevent",0.64,136.67,"0.00","Boners of Freedom","Samuel","https://s.yimg.com/cv/apiv2/default/nfl/nfl_4.png","Florida Man","Joshua","https://s.yimg.com/cv/apiv2/default/nfl/nfl_4.png",5,4,50,"2"
"399.l.605636.t.3","399.l.605636.t.6",7,"preevent",0.38,131.17,"0.00","Alabama Slammer","john","https://yahoofantasysports-res.cloudinary.com/image/upload/t_s192sq/fantasy-logos/24966926549_e39885c544.jpg","Curve Flatteners","Wayne","https://yahoofantasysports-res.cloudinary.com/image/upload/t_s192sq/fantasy-logos/6345bed68e022eae643b4402863890d13da2eaaf6f495c9c6b5c038545747e8b.jpg",3,6,54,"3"
"399.l.605636.t.6","399.l.605636.t.3",7,"preevent",0.62,147.15,"0.00","Curve Flatteners","Wayne","https://yahoofantasysports-res.cloudinary.com/image/upload/t_s192sq/fantasy-logos/6345bed68e022eae643b4402863890d13da2eaaf6f495c9c6b5c038545747e8b.jpg","Alabama Slammer","john","https://yahoofantasysports-res.cloudinary.com/image/upload/t_s192sq/fantasy-logos/24966926549_e39885c544.jpg",6,3,54,"3"
"399.l.605636.t.2","399.l.605636.t.7",7,"preevent",0.69,143.77,"0.00","Admiral Ackbars","Joseph","https://yahoofantasysports-res.cloudinary.com/image/upload/t_s192sq/fantasy-logos/29232944137_89c392.jpg","taking a 'rona","Jp","https://yahoofantasysports-res.cloudinary.com/image/upload/t_s192sq/fantasy-logos/44285213562_ce51b8.jpg",2,7,62,"4"
"399.l.605636.t.7","399.l.605636.t.2",7,"preevent",0.31,117,"0.00","taking a 'rona","Jp","https://yahoofantasysports-res.cloudinary.com/image/upload/t_s192sq/fantasy-logos/44285213562_ce51b8.jpg","Admiral Ackbars","Joseph","https://yahoofantasysports-res.cloudinary.com/image/upload/t_s192sq/fantasy-logos/29232944137_89c392.jpg",7,2,62,"4"
"399.l.605636.t.1","399.l.605636.t.8",7,"preevent",0.71,148.38,"0.00","Redemption Boners","Marc","https://yahoofantasysports-res.cloudinary.com/image/upload/t_s192sq/fantasy-logos/24955837179_9ea67a7ec1.jpg","Papa Peeps","Josh","https://yahoofantasysports-res.cloudinary.com/image/upload/t_s192sq/fantasy-logos/57361934414_8cbe97.jpg",1,8,74,"5"
"399.l.605636.t.8","399.l.605636.t.1",7,"preevent",0.29,117.48,"0.00","Papa Peeps","Josh","https://yahoofantasysports-res.cloudinary.com/image/upload/t_s192sq/fantasy-logos/57361934414_8cbe97.jpg","Redemption Boners","Marc","https://yahoofantasysports-res.cloudinary.com/image/upload/t_s192sq/fantasy-logos/24955837179_9ea67a7ec1.jpg",8,1,74,"5"
"399.l.605636.t.9","399.l.605636.t.11",7,"preevent",0.65,147.88,"0.00","Pickle Ricks","Sean","https://yahoofantasysports-res.cloudinary.com/image/upload/t_s192sq/fantasy-logos/25947095919_4de969.jpg","Suck it boners","Jeremy","https://yahoofantasysports-res.cloudinary.com/image/upload/t_s192sq/fantasy-logos/24932942439_d3d88ba3c8.jpg",9,11,222,"6"
"399.l.605636.t.11","399.l.605636.t.9",7,"preevent",0.35,127.08,"0.00","Suck it boners","Jeremy","https://yahoofantasysports-res.cloudinary.com/image/upload/t_s192sq/fantasy-logos/24932942439_d3d88ba3c8.jpg","Pickle Ricks","Sean","https://yahoofantasysports-res.cloudinary.com/image/upload/t_s192sq/fantasy-logos/25947095919_4de969.jpg",11,9,222,"6"
"399.l.605636.t.10","399.l.605636.t.12",7,"preevent",0.25,113.76,"0.00","Corona Boners","Blaine","https://yahoofantasysports-res.cloudinary.com/image/upload/t_s192sq/fantasy-logos/56482426281_cb3742.jpg","The Devils Rejects","Damien","https://yahoofantasysports-res.cloudinary.com/image/upload/t_s192sq/fantasy-logos/24975873119_7c41d8c039.jpg",10,12,266,"1"
"399.l.605636.t.12","399.l.605636.t.10",7,"preevent",0.75,151.87,"0.00","The Devils Rejects","Damien","https://yahoofantasysports-res.cloudinary.com/image/upload/t_s192sq/fantasy-logos/24975873119_7c41d8c039.jpg","Corona Boners","Blaine","https://yahoofantasysports-res.cloudinary.com/image/upload/t_s192sq/fantasy-logos/56482426281_cb3742.jpg",12,10,266,"1"
"399.l.605636.t.4","399.l.605636.t.6",8,"preevent",0.43,112.13,"0.00","Florida Man","Joshua","https://s.yimg.com/cv/apiv2/default/nfl/nfl_4.png","Curve Flatteners","Wayne","https://yahoofantasysports-res.cloudinary.com/image/upload/t_s192sq/fantasy-logos/6345bed68e022eae643b4402863890d13da2eaaf6f495c9c6b5c038545747e8b.jpg",4,6,62,"2"
"399.l.605636.t.6","399.l.605636.t.4",8,"preevent",0.57,121.51,"0.00","Curve Flatteners","Wayne","https://yahoofantasysports-res.cloudinary.com/image/upload/t_s192sq/fantasy-logos/6345bed68e022eae643b4402863890d13da2eaaf6f495c9c6b5c038545747e8b.jpg","Florida Man","Joshua","https://s.yimg.com/cv/apiv2/default/nfl/nfl_4.png",6,4,62,"2"
"399.l.605636.t.3","399.l.605636.t.7",8,"preevent",0.31,81.83,"0.00","Alabama Slammer","john","https://yahoofantasysports-res.cloudinary.com/image/upload/t_s192sq/fantasy-logos/24966926549_e39885c544.jpg","taking a 'rona","Jp","https://yahoofantasysports-res.cloudinary.com/image/upload/t_s192sq/fantasy-logos/44285213562_ce51b8.jpg",3,7,68,"3"
"399.l.605636.t.7","399.l.605636.t.3",8,"preevent",0.69,103.92,"0.00","taking a 'rona","Jp","https://yahoofantasysports-res.cloudinary.com/image/upload/t_s192sq/fantasy-logos/44285213562_ce51b8.jpg","Alabama Slammer","john","https://yahoofantasysports-res.cloudinary.com/image/upload/t_s192sq/fantasy-logos/24966926549_e39885c544.jpg",7,3,68,"3"
"399.l.605636.t.2","399.l.605636.t.8",8,"preevent",0.47,104.78,"0.00","Admiral Ackbars","Joseph","https://yahoofantasysports-res.cloudinary.com/image/upload/t_s192sq/fantasy-logos/29232944137_89c392.jpg","Papa Peeps","Josh","https://yahoofantasysports-res.cloudinary.com/image/upload/t_s192sq/fantasy-logos/57361934414_8cbe97.jpg",2,8,78,"4"
"399.l.605636.t.8","399.l.605636.t.2",8,"preevent",0.53,108.15,"0.00","Papa Peeps","Josh","https://yahoofantasysports-res.cloudinary.com/image/upload/t_s192sq/fantasy-logos/57361934414_8cbe97.jpg","Admiral Ackbars","Joseph","https://yahoofantasysports-res.cloudinary.com/image/upload/t_s192sq/fantasy-logos/29232944137_89c392.jpg",8,2,78,"4"
"399.l.605636.t.1","399.l.605636.t.9",8,"preevent",0.4,139.01,"0.00","Redemption Boners","Marc","https://yahoofantasysports-res.cloudinary.com/image/upload/t_s192sq/fantasy-logos/24955837179_9ea67a7ec1.jpg","Pickle Ricks","Sean","https://yahoofantasysports-res.cloudinary.com/image/upload/t_s192sq/fantasy-logos/25947095919_4de969.jpg",1,9,92,"5"
"399.l.605636.t.9","399.l.605636.t.1",8,"preevent",0.6,153.51,"0.00","Pickle Ricks","Sean","https://yahoofantasysports-res.cloudinary.com/image/upload/t_s192sq/fantasy-logos/25947095919_4de969.jpg","Redemption Boners","Marc","https://yahoofantasysports-res.cloudinary.com/image/upload/t_s192sq/fantasy-logos/24955837179_9ea67a7ec1.jpg",9,1,92,"5"
"399.l.605636.t.5","399.l.605636.t.12",8,"preevent",0.32,125.45,"0.00","Boners of Freedom","Samuel","https://s.yimg.com/cv/apiv2/default/nfl/nfl_4.png","The Devils Rejects","Damien","https://yahoofantasysports-res.cloudinary.com/image/upload/t_s192sq/fantasy-logos/24975873119_7c41d8c039.jpg",5,12,186,"6"
"399.l.605636.t.12","399.l.605636.t.5",8,"preevent",0.68,150.61,"0.00","The Devils Rejects","Damien","https://yahoofantasysports-res.cloudinary.com/image/upload/t_s192sq/fantasy-logos/24975873119_7c41d8c039.jpg","Boners of Freedom","Samuel","https://s.yimg.com/cv/apiv2/default/nfl/nfl_4.png",12,5,186,"6"
"399.l.605636.t.10","399.l.605636.t.11",8,"preevent",0.41,128.74,"0.00","Corona Boners","Blaine","https://yahoofantasysports-res.cloudinary.com/image/upload/t_s192sq/fantasy-logos/56482426281_cb3742.jpg","Suck it boners","Jeremy","https://yahoofantasysports-res.cloudinary.com/image/upload/t_s192sq/fantasy-logos/24932942439_d3d88ba3c8.jpg",10,11,242,"1"
"399.l.605636.t.11","399.l.605636.t.10",8,"preevent",0.59,140.67,"0.00","Suck it boners","Jeremy","https://yahoofantasysports-res.cloudinary.com/image/upload/t_s192sq/fantasy-logos/24932942439_d3d88ba3c8.jpg","Corona Boners","Blaine","https://yahoofantasysports-res.cloudinary.com/image/upload/t_s192sq/fantasy-logos/56482426281_cb3742.jpg",11,10,242,"1"
"399.l.605636.t.5","399.l.605636.t.6",9,"preevent",0.34,119.1,"0.00","Boners of Freedom","Samuel","https://s.yimg.com/cv/apiv2/default/nfl/nfl_4.png","Curve Flatteners","Wayne","https://yahoofantasysports-res.cloudinary.com/image/upload/t_s192sq/fantasy-logos/6345bed68e022eae643b4402863890d13da2eaaf6f495c9c6b5c038545747e8b.jpg",5,6,72,"2"
"399.l.605636.t.6","399.l.605636.t.5",9,"preevent",0.66,139.88,"0.00","Curve Flatteners","Wayne","https://yahoofantasysports-res.cloudinary.com/image/upload/t_s192sq/fantasy-logos/6345bed68e022eae643b4402863890d13da2eaaf6f495c9c6b5c038545747e8b.jpg","Boners of Freedom","Samuel","https://s.yimg.com/cv/apiv2/default/nfl/nfl_4.png",6,5,72,"2"
"399.l.605636.t.4","399.l.605636.t.7",9,"preevent",0.38,117.19,"0.00","Florida Man","Joshua","https://s.yimg.com/cv/apiv2/default/nfl/nfl_4.png","taking a 'rona","Jp","https://yahoofantasysports-res.cloudinary.com/image/upload/t_s192sq/fantasy-logos/44285213562_ce51b8.jpg",4,7,76,"3"
"399.l.605636.t.7","399.l.605636.t.4",9,"preevent",0.62,133.73,"0.00","taking a 'rona","Jp","https://yahoofantasysports-res.cloudinary.com/image/upload/t_s192sq/fantasy-logos/44285213562_ce51b8.jpg","Florida Man","Joshua","https://s.yimg.com/cv/apiv2/default/nfl/nfl_4.png",7,4,76,"3"
"399.l.605636.t.3","399.l.605636.t.8",9,"preevent",0.54,133.98,"0.00","Alabama Slammer","john","https://yahoofantasysports-res.cloudinary.com/image/upload/t_s192sq/fantasy-logos/24966926549_e39885c544.jpg","Papa Peeps","Josh","https://yahoofantasysports-res.cloudinary.com/image/upload/t_s192sq/fantasy-logos/57361934414_8cbe97.jpg",3,8,84,"4"
"399.l.605636.t.8","399.l.605636.t.3",9,"preevent",0.46,128.37,"0.00","Papa Peeps","Josh","https://yahoofantasysports-res.cloudinary.com/image/upload/t_s192sq/fantasy-logos/57361934414_8cbe97.jpg","Alabama Slammer","john","https://yahoofantasysports-res.cloudinary.com/image/upload/t_s192sq/fantasy-logos/24966926549_e39885c544.jpg",8,3,84,"4"
"399.l.605636.t.2","399.l.605636.t.9",9,"preevent",0.35,118.96,"0.00","Admiral Ackbars","Joseph","https://yahoofantasysports-res.cloudinary.com/image/upload/t_s192sq/fantasy-logos/29232944137_89c392.jpg","Pickle Ricks","Sean","https://yahoofantasysports-res.cloudinary.com/image/upload/t_s192sq/fantasy-logos/25947095919_4de969.jpg",2,9,96,"5"
"399.l.605636.t.9","399.l.605636.t.2",9,"preevent",0.65,139.24,"0.00","Pickle Ricks","Sean","https://yahoofantasysports-res.cloudinary.com/image/upload/t_s192sq/fantasy-logos/25947095919_4de969.jpg","Admiral Ackbars","Joseph","https://yahoofantasysports-res.cloudinary.com/image/upload/t_s192sq/fantasy-logos/29232944137_89c392.jpg",9,2,96,"5"
"399.l.605636.t.1","399.l.605636.t.10",9,"preevent",0.58,141.67,"0.00","Redemption Boners","Marc","https://yahoofantasysports-res.cloudinary.com/image/upload/t_s192sq/fantasy-logos/24955837179_9ea67a7ec1.jpg","Corona Boners","Blaine","https://yahoofantasysports-res.cloudinary.com/image/upload/t_s192sq/fantasy-logos/56482426281_cb3742.jpg",1,10,112,"6"
"399.l.605636.t.10","399.l.605636.t.1",9,"preevent",0.42,130.86,"0.00","Corona Boners","Blaine","https://yahoofantasysports-res.cloudinary.com/image/upload/t_s192sq/fantasy-logos/56482426281_cb3742.jpg","Redemption Boners","Marc","https://yahoofantasysports-res.cloudinary.com/image/upload/t_s192sq/fantasy-logos/24955837179_9ea67a7ec1.jpg",10,1,112,"6"
"399.l.605636.t.11","399.l.605636.t.12",9,"preevent",0.12,91.82,"0.00","Suck it boners","Jeremy","https://yahoofantasysports-res.cloudinary.com/image/upload/t_s192sq/fantasy-logos/24932942439_d3d88ba3c8.jpg","The Devils Rejects","Damien","https://yahoofantasysports-res.cloudinary.com/image/upload/t_s192sq/fantasy-logos/24975873119_7c41d8c039.jpg",11,12,288,"1"
"399.l.605636.t.12","399.l.605636.t.11",9,"preevent",0.88,152.91,"0.00","The Devils Rejects","Damien","https://yahoofantasysports-res.cloudinary.com/image/upload/t_s192sq/fantasy-logos/24975873119_7c41d8c039.jpg","Suck it boners","Jeremy","https://yahoofantasysports-res.cloudinary.com/image/upload/t_s192sq/fantasy-logos/24932942439_d3d88ba3c8.jpg",12,11,288,"1"
"399.l.605636.t.5","399.l.605636.t.7",10,"preevent",0.3,107.47,"0.00","Boners of Freedom","Samuel","https://s.yimg.com/cv/apiv2/default/nfl/nfl_4.png","taking a 'rona","Jp","https://yahoofantasysports-res.cloudinary.com/image/upload/t_s192sq/fantasy-logos/44285213562_ce51b8.jpg",5,7,86,"2"
"399.l.605636.t.7","399.l.605636.t.5",10,"preevent",0.7,133.63,"0.00","taking a 'rona","Jp","https://yahoofantasysports-res.cloudinary.com/image/upload/t_s192sq/fantasy-logos/44285213562_ce51b8.jpg","Boners of Freedom","Samuel","https://s.yimg.com/cv/apiv2/default/nfl/nfl_4.png",7,5,86,"2"
"399.l.605636.t.4","399.l.605636.t.8",10,"preevent",0.22,101.44,"0.00","Florida Man","Joshua","https://s.yimg.com/cv/apiv2/default/nfl/nfl_4.png","Papa Peeps","Josh","https://yahoofantasysports-res.cloudinary.com/image/upload/t_s192sq/fantasy-logos/57361934414_8cbe97.jpg",4,8,92,"3"
"399.l.605636.t.8","399.l.605636.t.4",10,"preevent",0.78,141.44,"0.00","Papa Peeps","Josh","https://yahoofantasysports-res.cloudinary.com/image/upload/t_s192sq/fantasy-logos/57361934414_8cbe97.jpg","Florida Man","Joshua","https://s.yimg.com/cv/apiv2/default/nfl/nfl_4.png",8,4,92,"3"
"399.l.605636.t.3","399.l.605636.t.9",10,"preevent",0.53,123.84,"0.00","Alabama Slammer","john","https://yahoofantasysports-res.cloudinary.com/image/upload/t_s192sq/fantasy-logos/24966926549_e39885c544.jpg","Pickle Ricks","Sean","https://yahoofantasysports-res.cloudinary.com/image/upload/t_s192sq/fantasy-logos/25947095919_4de969.jpg",3,9,102,"4"
"399.l.605636.t.9","399.l.605636.t.3",10,"preevent",0.47,119.95,"0.00","Pickle Ricks","Sean","https://yahoofantasysports-res.cloudinary.com/image/upload/t_s192sq/fantasy-logos/25947095919_4de969.jpg","Alabama Slammer","john","https://yahoofantasysports-res.cloudinary.com/image/upload/t_s192sq/fantasy-logos/24966926549_e39885c544.jpg",9,3,102,"4"
"399.l.605636.t.2","399.l.605636.t.10",10,"preevent",0.53,110.05,"0.00","Admiral Ackbars","Joseph","https://yahoofantasysports-res.cloudinary.com/image/upload/t_s192sq/fantasy-logos/29232944137_89c392.jpg","Corona Boners","Blaine","https://yahoofantasysports-res.cloudinary.com/image/upload/t_s192sq/fantasy-logos/56482426281_cb3742.jpg",2,10,116,"5"
"399.l.605636.t.10","399.l.605636.t.2",10,"preevent",0.47,105.86,"0.00","Corona Boners","Blaine","https://yahoofantasysports-res.cloudinary.com/image/upload/t_s192sq/fantasy-logos/56482426281_cb3742.jpg","Admiral Ackbars","Joseph","https://yahoofantasysports-res.cloudinary.com/image/upload/t_s192sq/fantasy-logos/29232944137_89c392.jpg",10,2,116,"5"
"399.l.605636.t.1","399.l.605636.t.11",10,"preevent",0.48,130.99,"0.00","Redemption Boners","Marc","https://yahoofantasysports-res.cloudinary.com/image/upload/t_s192sq/fantasy-logos/24955837179_9ea67a7ec1.jpg","Suck it boners","Jeremy","https://yahoofantasysports-res.cloudinary.com/image/upload/t_s192sq/fantasy-logos/24932942439_d3d88ba3c8.jpg",1,11,134,"6"
"399.l.605636.t.11","399.l.605636.t.1",10,"preevent",0.52,133.25,"0.00","Suck it boners","Jeremy","https://yahoofantasysports-res.cloudinary.com/image/upload/t_s192sq/fantasy-logos/24932942439_d3d88ba3c8.jpg","Redemption Boners","Marc","https://yahoofantasysports-res.cloudinary.com/image/upload/t_s192sq/fantasy-logos/24955837179_9ea67a7ec1.jpg",11,1,134,"6"
"399.l.605636.t.6","399.l.605636.t.12",10,"preevent",0.32,94.71,"0.00","Curve Flatteners","Wayne","https://yahoofantasysports-res.cloudinary.com/image/upload/t_s192sq/fantasy-logos/6345bed68e022eae643b4402863890d13da2eaaf6f495c9c6b5c038545747e8b.jpg","The Devils Rejects","Damien","https://yahoofantasysports-res.cloudinary.com/image/upload/t_s192sq/fantasy-logos/24975873119_7c41d8c039.jpg",6,12,198,"1"
"399.l.605636.t.12","399.l.605636.t.6",10,"preevent",0.68,117.71,"0.00","The Devils Rejects","Damien","https://yahoofantasysports-res.cloudinary.com/image/upload/t_s192sq/fantasy-logos/24975873119_7c41d8c039.jpg","Curve Flatteners","Wayne","https://yahoofantasysports-res.cloudinary.com/image/upload/t_s192sq/fantasy-logos/6345bed68e022eae643b4402863890d13da2eaaf6f495c9c6b5c038545747e8b.jpg",12,6,198,"1"
"399.l.605636.t.6","399.l.605636.t.7",11,"preevent",0.45,121.49,"0.00","Curve Flatteners","Wayne","https://yahoofantasysports-res.cloudinary.com/image/upload/t_s192sq/fantasy-logos/6345bed68e022eae643b4402863890d13da2eaaf6f495c9c6b5c038545747e8b.jpg","taking a 'rona","Jp","https://yahoofantasysports-res.cloudinary.com/image/upload/t_s192sq/fantasy-logos/44285213562_ce51b8.jpg",6,7,98,"2"
"399.l.605636.t.7","399.l.605636.t.6",11,"preevent",0.55,128.45,"0.00","taking a 'rona","Jp","https://yahoofantasysports-res.cloudinary.com/image/upload/t_s192sq/fantasy-logos/44285213562_ce51b8.jpg","Curve Flatteners","Wayne","https://yahoofantasysports-res.cloudinary.com/image/upload/t_s192sq/fantasy-logos/6345bed68e022eae643b4402863890d13da2eaaf6f495c9c6b5c038545747e8b.jpg",7,6,98,"2"
"399.l.605636.t.5","399.l.605636.t.8",11,"preevent",0.57,114.74,"0.00","Boners of Freedom","Samuel","https://s.yimg.com/cv/apiv2/default/nfl/nfl_4.png","Papa Peeps","Josh","https://yahoofantasysports-res.cloudinary.com/image/upload/t_s192sq/fantasy-logos/57361934414_8cbe97.jpg",5,8,102,"3"
"399.l.605636.t.8","399.l.605636.t.5",11,"preevent",0.43,106.83,"0.00","Papa Peeps","Josh","https://yahoofantasysports-res.cloudinary.com/image/upload/t_s192sq/fantasy-logos/57361934414_8cbe97.jpg","Boners of Freedom","Samuel","https://s.yimg.com/cv/apiv2/default/nfl/nfl_4.png",8,5,102,"3"
"399.l.605636.t.4","399.l.605636.t.9",11,"preevent",0.49,144.17,"0.00","Florida Man","Joshua","https://s.yimg.com/cv/apiv2/default/nfl/nfl_4.png","Pickle Ricks","Sean","https://yahoofantasysports-res.cloudinary.com/image/upload/t_s192sq/fantasy-logos/25947095919_4de969.jpg",4,9,110,"4"
"399.l.605636.t.9","399.l.605636.t.4",11,"preevent",0.51,145.31,"0.00","Pickle Ricks","Sean","https://yahoofantasysports-res.cloudinary.com/image/upload/t_s192sq/fantasy-logos/25947095919_4de969.jpg","Florida Man","Joshua","https://s.yimg.com/cv/apiv2/default/nfl/nfl_4.png",9,4,110,"4"
"399.l.605636.t.3","399.l.605636.t.10",11,"preevent",0.55,125.19,"0.00","Alabama Slammer","john","https://yahoofantasysports-res.cloudinary.com/image/upload/t_s192sq/fantasy-logos/24966926549_e39885c544.jpg","Corona Boners","Blaine","https://yahoofantasysports-res.cloudinary.com/image/upload/t_s192sq/fantasy-logos/56482426281_cb3742.jpg",3,10,122,"5"
"399.l.605636.t.10","399.l.605636.t.3",11,"preevent",0.45,118.42,"0.00","Corona Boners","Blaine","https://yahoofantasysports-res.cloudinary.com/image/upload/t_s192sq/fantasy-logos/56482426281_cb3742.jpg","Alabama Slammer","john","https://yahoofantasysports-res.cloudinary.com/image/upload/t_s192sq/fantasy-logos/24966926549_e39885c544.jpg",10,3,122,"5"
"399.l.605636.t.2","399.l.605636.t.11",11,"preevent",0.51,138.57,"0.00","Admiral Ackbars","Joseph","https://yahoofantasysports-res.cloudinary.com/image/upload/t_s192sq/fantasy-logos/29232944137_89c392.jpg","Suck it boners","Jeremy","https://yahoofantasysports-res.cloudinary.com/image/upload/t_s192sq/fantasy-logos/24932942439_d3d88ba3c8.jpg",2,11,138,"6"
"399.l.605636.t.11","399.l.605636.t.2",11,"preevent",0.49,137.62,"0.00","Suck it boners","Jeremy","https://yahoofantasysports-res.cloudinary.com/image/upload/t_s192sq/fantasy-logos/24932942439_d3d88ba3c8.jpg","Admiral Ackbars","Joseph","https://yahoofantasysports-res.cloudinary.com/image/upload/t_s192sq/fantasy-logos/29232944137_89c392.jpg",11,2,138,"6"
"399.l.605636.t.1","399.l.605636.t.12",11,"preevent",0.56,137.48,"0.00","Redemption Boners","Marc","https://yahoofantasysports-res.cloudinary.com/image/upload/t_s192sq/fantasy-logos/24955837179_9ea67a7ec1.jpg","The Devils Rejects","Damien","https://yahoofantasysports-res.cloudinary.com/image/upload/t_s192sq/fantasy-logos/24975873119_7c41d8c039.jpg",1,12,158,"1"
"399.l.605636.t.12","399.l.605636.t.1",11,"preevent",0.44,129.65,"0.00","The Devils Rejects","Damien","https://yahoofantasysports-res.cloudinary.com/image/upload/t_s192sq/fantasy-logos/24975873119_7c41d8c039.jpg","Redemption Boners","Marc","https://yahoofantasysports-res.cloudinary.com/image/upload/t_s192sq/fantasy-logos/24955837179_9ea67a7ec1.jpg",12,1,158,"1"
"399.l.605636.t.1","399.l.605636.t.2",12,"preevent",0.57,148.97,"0.00","Redemption Boners","Marc","https://yahoofantasysports-res.cloudinary.com/image/upload/t_s192sq/fantasy-logos/24955837179_9ea67a7ec1.jpg","Admiral Ackbars","Joseph","https://yahoofantasysports-res.cloudinary.com/image/upload/t_s192sq/fantasy-logos/29232944137_89c392.jpg",1,2,8,"2"
"399.l.605636.t.2","399.l.605636.t.1",12,"preevent",0.43,139.23,"0.00","Admiral Ackbars","Joseph","https://yahoofantasysports-res.cloudinary.com/image/upload/t_s192sq/fantasy-logos/29232944137_89c392.jpg","Redemption Boners","Marc","https://yahoofantasysports-res.cloudinary.com/image/upload/t_s192sq/fantasy-logos/24955837179_9ea67a7ec1.jpg",2,1,8,"2"
"399.l.605636.t.6","399.l.605636.t.8",12,"preevent",0.54,147.19,"0.00","Curve Flatteners","Wayne","https://yahoofantasysports-res.cloudinary.com/image/upload/t_s192sq/fantasy-logos/6345bed68e022eae643b4402863890d13da2eaaf6f495c9c6b5c038545747e8b.jpg","Papa Peeps","Josh","https://yahoofantasysports-res.cloudinary.com/image/upload/t_s192sq/fantasy-logos/57361934414_8cbe97.jpg",6,8,114,"3"
"399.l.605636.t.8","399.l.605636.t.6",12,"preevent",0.46,141.05,"0.00","Papa Peeps","Josh","https://yahoofantasysports-res.cloudinary.com/image/upload/t_s192sq/fantasy-logos/57361934414_8cbe97.jpg","Curve Flatteners","Wayne","https://yahoofantasysports-res.cloudinary.com/image/upload/t_s192sq/fantasy-logos/6345bed68e022eae643b4402863890d13da2eaaf6f495c9c6b5c038545747e8b.jpg",8,6,114,"3"
"399.l.605636.t.5","399.l.605636.t.9",12,"preevent",0.44,136.87,"0.00","Boners of Freedom","Samuel","https://s.yimg.com/cv/apiv2/default/nfl/nfl_4.png","Pickle Ricks","Sean","https://yahoofantasysports-res.cloudinary.com/image/upload/t_s192sq/fantasy-logos/25947095919_4de969.jpg",5,9,120,"4"
"399.l.605636.t.9","399.l.605636.t.5",12,"preevent",0.56,144.34,"0.00","Pickle Ricks","Sean","https://yahoofantasysports-res.cloudinary.com/image/upload/t_s192sq/fantasy-logos/25947095919_4de969.jpg","Boners of Freedom","Samuel","https://s.yimg.com/cv/apiv2/default/nfl/nfl_4.png",9,5,120,"4"
"399.l.605636.t.4","399.l.605636.t.10",12,"preevent",0.45,135.7,"0.00","Florida Man","Joshua","https://s.yimg.com/cv/apiv2/default/nfl/nfl_4.png","Corona Boners","Blaine","https://yahoofantasysports-res.cloudinary.com/image/upload/t_s192sq/fantasy-logos/56482426281_cb3742.jpg",4,10,130,"5"
"399.l.605636.t.10","399.l.605636.t.4",12,"preevent",0.55,143.32,"0.00","Corona Boners","Blaine","https://yahoofantasysports-res.cloudinary.com/image/upload/t_s192sq/fantasy-logos/56482426281_cb3742.jpg","Florida Man","Joshua","https://s.yimg.com/cv/apiv2/default/nfl/nfl_4.png",10,4,130,"5"
"399.l.605636.t.3","399.l.605636.t.11",12,"preevent",0.54,146.01,"0.00","Alabama Slammer","john","https://yahoofantasysports-res.cloudinary.com/image/upload/t_s192sq/fantasy-logos/24966926549_e39885c544.jpg","Suck it boners","Jeremy","https://yahoofantasysports-res.cloudinary.com/image/upload/t_s192sq/fantasy-logos/24932942439_d3d88ba3c8.jpg",3,11,144,"6"
"399.l.605636.t.11","399.l.605636.t.3",12,"preevent",0.46,141.13,"0.00","Suck it boners","Jeremy","https://yahoofantasysports-res.cloudinary.com/image/upload/t_s192sq/fantasy-logos/24932942439_d3d88ba3c8.jpg","Alabama Slammer","john","https://yahoofantasysports-res.cloudinary.com/image/upload/t_s192sq/fantasy-logos/24966926549_e39885c544.jpg",11,3,144,"6"
"399.l.605636.t.7","399.l.605636.t.12",12,"preevent",0.43,148.59,"0.00","taking a 'rona","Jp","https://yahoofantasysports-res.cloudinary.com/image/upload/t_s192sq/fantasy-logos/44285213562_ce51b8.jpg","The Devils Rejects","Damien","https://yahoofantasysports-res.cloudinary.com/image/upload/t_s192sq/fantasy-logos/24975873119_7c41d8c039.jpg",7,12,212,"1"
"399.l.605636.t.12","399.l.605636.t.7",12,"preevent",0.57,158.96,"0.00","The Devils Rejects","Damien","https://yahoofantasysports-res.cloudinary.com/image/upload/t_s192sq/fantasy-logos/24975873119_7c41d8c039.jpg","taking a 'rona","Jp","https://yahoofantasysports-res.cloudinary.com/image/upload/t_s192sq/fantasy-logos/44285213562_ce51b8.jpg",12,7,212,"1"
"399.l.605636.t.1","399.l.605636.t.3",13,"preevent",0.52,146.12,"0.00","Redemption Boners","Marc","https://yahoofantasysports-res.cloudinary.com/image/upload/t_s192sq/fantasy-logos/24955837179_9ea67a7ec1.jpg","Alabama Slammer","john","https://yahoofantasysports-res.cloudinary.com/image/upload/t_s192sq/fantasy-logos/24966926549_e39885c544.jpg",1,3,14,"2"
"399.l.605636.t.3","399.l.605636.t.1",13,"preevent",0.48,142.89,"0.00","Alabama Slammer","john","https://yahoofantasysports-res.cloudinary.com/image/upload/t_s192sq/fantasy-logos/24966926549_e39885c544.jpg","Redemption Boners","Marc","https://yahoofantasysports-res.cloudinary.com/image/upload/t_s192sq/fantasy-logos/24955837179_9ea67a7ec1.jpg",3,1,14,"2"
"399.l.605636.t.7","399.l.605636.t.8",13,"preevent",0.76,148.46,"0.00","taking a 'rona","Jp","https://yahoofantasysports-res.cloudinary.com/image/upload/t_s192sq/fantasy-logos/44285213562_ce51b8.jpg","Papa Peeps","Josh","https://yahoofantasysports-res.cloudinary.com/image/upload/t_s192sq/fantasy-logos/57361934414_8cbe97.jpg",7,8,128,"3"
"399.l.605636.t.8","399.l.605636.t.7",13,"preevent",0.24,111.56,"0.00","Papa Peeps","Josh","https://yahoofantasysports-res.cloudinary.com/image/upload/t_s192sq/fantasy-logos/57361934414_8cbe97.jpg","taking a 'rona","Jp","https://yahoofantasysports-res.cloudinary.com/image/upload/t_s192sq/fantasy-logos/44285213562_ce51b8.jpg",8,7,128,"3"
"399.l.605636.t.6","399.l.605636.t.9",13,"preevent",0.49,151.99,"0.00","Curve Flatteners","Wayne","https://yahoofantasysports-res.cloudinary.com/image/upload/t_s192sq/fantasy-logos/6345bed68e022eae643b4402863890d13da2eaaf6f495c9c6b5c038545747e8b.jpg","Pickle Ricks","Sean","https://yahoofantasysports-res.cloudinary.com/image/upload/t_s192sq/fantasy-logos/25947095919_4de969.jpg",6,9,132,"4"
"399.l.605636.t.9","399.l.605636.t.6",13,"preevent",0.51,153.12,"0.00","Pickle Ricks","Sean","https://yahoofantasysports-res.cloudinary.com/image/upload/t_s192sq/fantasy-logos/25947095919_4de969.jpg","Curve Flatteners","Wayne","https://yahoofantasysports-res.cloudinary.com/image/upload/t_s192sq/fantasy-logos/6345bed68e022eae643b4402863890d13da2eaaf6f495c9c6b5c038545747e8b.jpg",9,6,132,"4"
"399.l.605636.t.5","399.l.605636.t.10",13,"preevent",0.39,127.41,"0.00","Boners of Freedom","Samuel","https://s.yimg.com/cv/apiv2/default/nfl/nfl_4.png","Corona Boners","Blaine","https://yahoofantasysports-res.cloudinary.com/image/upload/t_s192sq/fantasy-logos/56482426281_cb3742.jpg",5,10,140,"5"
"399.l.605636.t.10","399.l.605636.t.5",13,"preevent",0.61,141.59,"0.00","Corona Boners","Blaine","https://yahoofantasysports-res.cloudinary.com/image/upload/t_s192sq/fantasy-logos/56482426281_cb3742.jpg","Boners of Freedom","Samuel","https://s.yimg.com/cv/apiv2/default/nfl/nfl_4.png",10,5,140,"5"
"399.l.605636.t.4","399.l.605636.t.11",13,"preevent",0.66,146.85,"0.00","Florida Man","Joshua","https://s.yimg.com/cv/apiv2/default/nfl/nfl_4.png","Suck it boners","Jeremy","https://yahoofantasysports-res.cloudinary.com/image/upload/t_s192sq/fantasy-logos/24932942439_d3d88ba3c8.jpg",4,11,152,"6"
"399.l.605636.t.11","399.l.605636.t.4",13,"preevent",0.34,123.64,"0.00","Suck it boners","Jeremy","https://yahoofantasysports-res.cloudinary.com/image/upload/t_s192sq/fantasy-logos/24932942439_d3d88ba3c8.jpg","Florida Man","Joshua","https://s.yimg.com/cv/apiv2/default/nfl/nfl_4.png",11,4,152,"6"
"399.l.605636.t.2","399.l.605636.t.12",13,"preevent",0.66,131.56,"0.00","Admiral Ackbars","Joseph","https://yahoofantasysports-res.cloudinary.com/image/upload/t_s192sq/fantasy-logos/29232944137_89c392.jpg","The Devils Rejects","Damien","https://yahoofantasysports-res.cloudinary.com/image/upload/t_s192sq/fantasy-logos/24975873119_7c41d8c039.jpg",2,12,162,"1"
"399.l.605636.t.12","399.l.605636.t.2",13,"preevent",0.34,109.01,"0.00","The Devils Rejects","Damien","https://yahoofantasysports-res.cloudinary.com/image/upload/t_s192sq/fantasy-logos/24975873119_7c41d8c039.jpg","Admiral Ackbars","Joseph","https://yahoofantasysports-res.cloudinary.com/image/upload/t_s192sq/fantasy-logos/29232944137_89c392.jpg",12,2,162,"1"
